{"textures":{"0":"modelengine:entity/hippogryph_common"},"elements":[{"from":[10.975,11.231289,1.3841906],"to":[10.975,18.23129,12.3841915],"faces":{"east":{"uv":[1.25,6.25,0.5625,6.6875],"tintindex":0,"rotation":0,"texture":"#0"},"west":{"uv":[0.5625,6.25,1.25,6.6875],"tintindex":0,"rotation":0,"texture":"#0"}},"rotation":{"origin":[10.975,14.731291,6.3841906],"angle":-45.0,"axis":"x"}},{"from":[5.025,11.231289,1.3841906],"to":[5.025,18.23129,12.3841915],"faces":{"east":{"uv":[1.25,6.25,0.5625,6.6875],"tintindex":0,"rotation":0,"texture":"#0"},"west":{"uv":[0.5625,6.25,1.25,6.6875],"tintindex":0,"rotation":0,"texture":"#0"}},"rotation":{"origin":[5.025,14.731291,6.3841906],"angle":-45.0,"axis":"x"}},{"from":[4.025,7.3581734,5.3235655],"to":[4.025,16.358171,18.323566],"faces":{"east":{"uv":[6.125,0.625,5.3125,1.1875],"tintindex":0,"rotation":0,"texture":"#0"},"west":{"uv":[5.3125,0.625,6.125,1.1875],"tintindex":0,"rotation":0,"texture":"#0"}},"rotation":{"origin":[4.025,11.858173,11.823565],"angle":-22.5,"axis":"x"}},{"from":[6.5,8.528494,-5.655653],"to":[9.5,11.528494,0.344347],"faces":{"east":{"uv":[7.5625,1.1875,7.9375,1.375],"tintindex":0,"rotation":0,"texture":"#0"},"south":{"uv":[0.625,8.0,0.8125,8.1875],"tintindex":0,"rotation":0,"texture":"#0"},"north":{"uv":[0.375,8.0,0.5625,8.1875],"tintindex":0,"rotation":0,"texture":"#0"},"west":{"uv":[3.5625,7.5625,3.9375,7.75],"tintindex":0,"rotation":0,"texture":"#0"},"up":{"uv":[5.3125,6.0,5.125,5.625],"tintindex":0,"rotation":0,"texture":"#0"},"down":{"uv":[6.625,7.5,6.4375,7.875],"tintindex":0,"rotation":0,"texture":"#0"}}},{"from":[11.975,7.3581734,5.3235655],"to":[11.975,16.358171,18.323566],"faces":{"east":{"uv":[6.125,0.625,5.3125,1.1875],"tintindex":0,"rotation":0,"texture":"#0"},"west":{"uv":[5.3125,0.625,6.125,1.1875],"tintindex":0,"rotation":0,"texture":"#0"}},"rotation":{"origin":[11.975,11.858173,11.823565],"angle":-22.5,"axis":"x"}},{"from":[3.975,6.528494,0.344347],"to":[12.025,13.528494,10.344346],"faces":{"east":{"uv":[6.375,4.875,7.0,5.3125],"tintindex":0,"rotation":0,"texture":"#0"},"south":{"uv":[6.9375,0.6875,7.4375,1.125],"tintindex":0,"rotation":0,"texture":"#0"},"north":{"uv":[0.0,6.9375,0.5,7.375],"tintindex":0,"rotation":0,"texture":"#0"},"west":{"uv":[5.0,6.5625,5.625,7.0],"tintindex":0,"rotation":0,"texture":"#0"},"up":{"uv":[6.6875,0.625,6.1875,0.0],"tintindex":0,"rotation":0,"texture":"#0"},"down":{"uv":[4.375,6.1875,3.875,6.8125],"tintindex":0,"rotation":0,"texture":"#0"}}},{"from":[6.5,4.528494,-5.655653],"to":[9.5,8.528494,-5.655653],"faces":{"south":{"uv":[7.75,7.8125,7.5625,8.0625],"tintindex":0,"rotation":0,"texture":"#0"},"north":{"uv":[7.5625,7.8125,7.75,8.0625],"tintindex":0,"rotation":0,"texture":"#0"}}}],"display":{"gui":{"rotation":[30,225,0]}}}