{"textures":{"0":"modelengine:entity/hippogryph_common"},"elements":[{"from":[2.1915808,7.4375,8.089872],"to":[11.191581,7.9375,9.589872],"faces":{"east":{"uv":[7.6875,7.1875,7.875,7.25],"tintindex":0,"rotation":0,"texture":"#0"},"south":{"uv":[7.6875,3.5,8.8125,3.5625],"tintindex":0,"rotation":0,"texture":"#0"},"north":{"uv":[7.6875,3.375,8.8125,3.4375],"tintindex":0,"rotation":0,"texture":"#0"},"west":{"uv":[7.9375,7.1875,8.125,7.25],"tintindex":0,"rotation":0,"texture":"#0"},"up":{"uv":[8.0625,4.6875,6.9375,4.5],"tintindex":0,"rotation":0,"texture":"#0"},"down":{"uv":[8.0625,4.5,6.9375,4.6875],"tintindex":0,"rotation":0,"texture":"#0"}},"rotation":{"origin":[7.159999,7.7874994,14.54886],"angle":22.5,"axis":"y"}},{"from":[-5.958474,7.4124994,6.6802015],"to":[5.041526,7.9375,8.180202],"faces":{"east":{"uv":[8.0,1.3125,8.1875,1.375],"tintindex":0,"rotation":0,"texture":"#0"},"south":{"uv":[7.0625,6.9375,8.4375,7.0],"tintindex":0,"rotation":0,"texture":"#0"},"north":{"uv":[7.0625,5.25,8.4375,5.3125],"tintindex":0,"rotation":0,"texture":"#0"},"west":{"uv":[1.5625,8.0,1.75,8.0625],"tintindex":0,"rotation":0,"texture":"#0"},"up":{"uv":[8.0,2.1875,6.625,2.0],"tintindex":0,"rotation":0,"texture":"#0"},"down":{"uv":[8.0,2.0,6.625,2.1875],"tintindex":0,"rotation":0,"texture":"#0"}},"rotation":{"origin":[7.159999,7.7874994,14.54886],"angle":45.0,"axis":"y"}},{"from":[-8.656776,7.8875,6.8940206],"to":[8.343224,7.8875,29.89402],"faces":{"up":{"uv":[2.125,2.875,0.0,0.0],"tintindex":0,"rotation":0,"texture":"#0"},"down":{"uv":[2.125,0.0,0.0,2.875],"tintindex":0,"rotation":0,"texture":"#0"}}}],"display":{"gui":{"rotation":[30,225,0]}}}