{"textures":{"0":"modelengine:entity/hippogryph_common"},"elements":[{"from":[6.037945,-1.0825129,4.289514],"to":[10.037945,8.917487,8.289514],"faces":{"east":{"uv":[1.9375,7.3125,2.1875,7.9375],"tintindex":0,"rotation":0,"texture":"#0"},"south":{"uv":[1.0,7.3125,1.25,7.9375],"tintindex":0,"rotation":0,"texture":"#0"},"north":{"uv":[1.0,7.3125,1.25,7.9375],"tintindex":0,"rotation":0,"texture":"#0"},"west":{"uv":[1.9375,7.3125,2.1875,7.9375],"tintindex":0,"rotation":0,"texture":"#0"},"up":{"uv":[5.5,7.75,5.25,8.0],"tintindex":0,"rotation":0,"texture":"#0"},"down":{"uv":[5.5,7.75,5.25,8.0],"tintindex":0,"rotation":0,"texture":"#0"}},"rotation":{"origin":[8.037945,3.9174867,6.289514],"angle":22.5,"axis":"x"}}],"display":{"gui":{"rotation":[30,225,0]}}}