{"textures":{"0":"modelengine:entity/hippogryph_common"},"elements":[{"from":[7.042688,6.125,8.341232],"to":[9.042688,8.125,13.341232],"faces":{"east":{"uv":[5.875,7.9375,6.1875,8.0625],"tintindex":0,"rotation":0,"texture":"#0"},"south":{"uv":[6.875,5.6875,7.0,5.8125],"tintindex":0,"rotation":0,"texture":"#0"},"north":{"uv":[4.3125,5.4375,4.4375,5.5625],"tintindex":0,"rotation":0,"texture":"#0"},"west":{"uv":[6.25,7.9375,6.5625,8.0625],"tintindex":0,"rotation":0,"texture":"#0"},"up":{"uv":[0.125,8.3125,0.0,8.0],"tintindex":0,"rotation":0,"texture":"#0"},"down":{"uv":[0.3125,8.0,0.1875,8.3125],"tintindex":0,"rotation":0,"texture":"#0"}}},{"from":[5.3763556,6.125,-3.9896946],"to":[5.3763556,9.125,1.0103049],"faces":{"east":{"uv":[8.125,4.0,7.8125,4.1875],"tintindex":0,"rotation":0,"texture":"#0"},"west":{"uv":[7.8125,4.0,8.125,4.1875],"tintindex":0,"rotation":0,"texture":"#0"}},"rotation":{"origin":[11.126356,7.625,3.510305],"angle":22.5,"axis":"y"}},{"from":[11.203011,6.125,-2.8679943],"to":[11.203011,9.125,2.1320062],"faces":{"east":{"uv":[8.125,4.0,7.8125,4.1875],"tintindex":0,"rotation":0,"texture":"#0"},"west":{"uv":[7.8125,4.0,8.125,4.1875],"tintindex":0,"rotation":0,"texture":"#0"}},"rotation":{"origin":[7.9530106,7.625,2.6320062],"angle":-22.5,"axis":"y"}},{"from":[6.9530106,6.125,2.3820062],"to":[8.953011,9.125,8.382006],"faces":{"east":{"uv":[7.625,6.125,8.0,6.3125],"tintindex":0,"rotation":0,"texture":"#0"},"south":{"uv":[1.375,8.0,1.5,8.1875],"tintindex":0,"rotation":0,"texture":"#0"},"north":{"uv":[1.1875,8.0,1.3125,8.1875],"tintindex":0,"rotation":0,"texture":"#0"},"west":{"uv":[7.625,6.375,8.0,6.5625],"tintindex":0,"rotation":0,"texture":"#0"},"up":{"uv":[4.875,8.25,4.75,7.875],"tintindex":0,"rotation":0,"texture":"#0"},"down":{"uv":[5.0625,7.875,4.9375,8.25],"tintindex":0,"rotation":0,"texture":"#0"}}},{"from":[4.3763556,6.125,1.0103049],"to":[6.3763556,9.125,7.010305],"faces":{"east":{"uv":[7.625,6.125,8.0,6.3125],"tintindex":0,"rotation":0,"texture":"#0"},"south":{"uv":[1.375,8.0,1.5,8.1875],"tintindex":0,"rotation":0,"texture":"#0"},"north":{"uv":[1.1875,8.0,1.3125,8.1875],"tintindex":0,"rotation":0,"texture":"#0"},"west":{"uv":[7.625,6.375,8.0,6.5625],"tintindex":0,"rotation":0,"texture":"#0"},"up":{"uv":[4.875,8.25,4.75,7.875],"tintindex":0,"rotation":0,"texture":"#0"},"down":{"uv":[5.0625,7.875,4.9375,8.25],"tintindex":0,"rotation":0,"texture":"#0"}},"rotation":{"origin":[11.126356,7.625,3.510305],"angle":22.5,"axis":"y"}},{"from":[8.042688,6.125,13.341232],"to":[8.042688,8.125,17.341232],"faces":{"east":{"uv":[1.125,8.0,0.875,8.125],"tintindex":0,"rotation":0,"texture":"#0"},"west":{"uv":[0.875,8.0,1.125,8.125],"tintindex":0,"rotation":0,"texture":"#0"}}},{"from":[10.203011,6.125,2.1320062],"to":[12.203011,9.125,8.132006],"faces":{"east":{"uv":[7.625,6.125,8.0,6.3125],"tintindex":0,"rotation":0,"texture":"#0"},"south":{"uv":[1.375,8.0,1.5,8.1875],"tintindex":0,"rotation":0,"texture":"#0"},"north":{"uv":[1.1875,8.0,1.3125,8.1875],"tintindex":0,"rotation":0,"texture":"#0"},"west":{"uv":[7.625,6.375,8.0,6.5625],"tintindex":0,"rotation":0,"texture":"#0"},"up":{"uv":[4.875,8.25,4.75,7.875],"tintindex":0,"rotation":0,"texture":"#0"},"down":{"uv":[5.0625,7.875,4.9375,8.25],"tintindex":0,"rotation":0,"texture":"#0"}},"rotation":{"origin":[7.9530106,7.625,2.6320062],"angle":-22.5,"axis":"y"}},{"from":[7.9530106,6.125,-2.6179943],"to":[7.9530106,9.125,2.3820062],"faces":{"east":{"uv":[8.125,4.0,7.8125,4.1875],"tintindex":0,"rotation":0,"texture":"#0"},"west":{"uv":[7.8125,4.0,8.125,4.1875],"tintindex":0,"rotation":0,"texture":"#0"}}}],"display":{"gui":{"rotation":[30,225,0]}}}