{"textures":{"0":"modelengine:entity/hippogryph_common"},"elements":[{"from":[0.19013405,7.6428566,12.746662],"to":[8.690134,8.142857,14.246662],"faces":{"east":{"uv":[5.5625,4.75,5.75,4.8125],"tintindex":0,"rotation":0,"texture":"#0"},"south":{"uv":[7.6875,7.0625,8.75,7.125],"tintindex":0,"rotation":0,"texture":"#0"},"north":{"uv":[7.6875,3.625,8.75,3.6875],"tintindex":0,"rotation":0,"texture":"#0"},"west":{"uv":[5.8125,4.75,6.0,4.8125],"tintindex":0,"rotation":0,"texture":"#0"},"up":{"uv":[8.125,4.9375,7.0625,4.75],"tintindex":0,"rotation":0,"texture":"#0"},"down":{"uv":[8.125,4.75,7.0625,4.9375],"tintindex":0,"rotation":0,"texture":"#0"}},"rotation":{"origin":[-5.8766823,8.017857,11.826276],"angle":22.5,"axis":"y"}},{"from":[0.5440426,8.130357,6.671437],"to":[8.544043,8.130357,27.171436],"faces":{"up":{"uv":[1.0,5.5,0.0,2.9375],"tintindex":0,"rotation":0,"texture":"#0"},"down":{"uv":[1.0,2.9375,0.0,5.5],"tintindex":0,"rotation":0,"texture":"#0"}}}],"display":{"gui":{"rotation":[30,225,0]}}}