{"textures":{"0":"modelengine:entity/hippogryph_common"},"elements":[{"from":[4.0,7.389166,1.9430003],"to":[12.0,17.389166,10.943],"faces":{"east":{"uv":[2.0625,5.8125,2.625,6.4375],"tintindex":0,"rotation":0,"texture":"#0"},"south":{"uv":[6.0625,5.875,6.5625,6.5],"tintindex":0,"rotation":0,"texture":"#0"},"north":{"uv":[6.0625,5.875,6.5625,6.5],"tintindex":0,"rotation":0,"texture":"#0"},"west":{"uv":[2.6875,5.8125,3.25,6.4375],"tintindex":0,"rotation":0,"texture":"#0"},"up":{"uv":[1.8125,6.8125,1.3125,6.25],"tintindex":0,"rotation":0,"texture":"#0"},"down":{"uv":[1.8125,6.8125,1.3125,6.25],"tintindex":0,"rotation":0,"texture":"#0"}},"rotation":{"origin":[8.0,12.389166,6.4430003],"angle":-22.5,"axis":"x"}}],"display":{"gui":{"rotation":[30,225,0]}}}