{"textures":{"0":"modelengine:entity/hippogryph_common"},"elements":[{"from":[4.933419,7.3125,8.089872],"to":[13.933419,7.8125,9.589872],"faces":{"east":{"uv":[8.125,7.1875,7.9375,7.25],"tintindex":0,"rotation":0,"texture":"#0"},"south":{"uv":[8.8125,3.5,7.6875,3.5625],"tintindex":0,"rotation":0,"texture":"#0"},"north":{"uv":[8.8125,3.375,7.6875,3.4375],"tintindex":0,"rotation":0,"texture":"#0"},"west":{"uv":[7.875,7.1875,7.6875,7.25],"tintindex":0,"rotation":0,"texture":"#0"},"up":{"uv":[6.9375,4.6875,8.0625,4.5],"tintindex":0,"rotation":0,"texture":"#0"},"down":{"uv":[6.9375,4.5,8.0625,4.6875],"tintindex":0,"rotation":0,"texture":"#0"}},"rotation":{"origin":[8.965001,7.6624994,14.54886],"angle":-22.5,"axis":"y"}},{"from":[11.083474,7.2874994,6.6802015],"to":[22.083473,7.8125,8.180202],"faces":{"east":{"uv":[1.75,8.0,1.5625,8.0625],"tintindex":0,"rotation":0,"texture":"#0"},"south":{"uv":[8.4375,6.9375,7.0625,7.0],"tintindex":0,"rotation":0,"texture":"#0"},"north":{"uv":[8.4375,5.25,7.0625,5.3125],"tintindex":0,"rotation":0,"texture":"#0"},"west":{"uv":[8.1875,1.3125,8.0,1.375],"tintindex":0,"rotation":0,"texture":"#0"},"up":{"uv":[6.625,2.1875,8.0,2.0],"tintindex":0,"rotation":0,"texture":"#0"},"down":{"uv":[6.625,2.0,8.0,2.1875],"tintindex":0,"rotation":0,"texture":"#0"}},"rotation":{"origin":[8.965001,7.6624994,14.54886],"angle":-45.0,"axis":"y"}},{"from":[7.7817764,7.7625,6.8940206],"to":[24.781776,7.7625,29.89402],"faces":{"up":{"uv":[0.0,2.875,2.125,0.0],"tintindex":0,"rotation":0,"texture":"#0"},"down":{"uv":[0.0,0.0,2.125,2.875],"tintindex":0,"rotation":0,"texture":"#0"}}}],"display":{"gui":{"rotation":[30,225,0]}}}