{"textures":{"0":"modelengine:entity/hippogryph_common"},"elements":[{"from":[5.1833334,2.8698416,6.2325444],"to":[10.183332,8.869842,14.232545],"faces":{"east":{"uv":[7.5625,6.25,7.0625,6.625],"tintindex":0,"rotation":0,"texture":"#0"},"south":{"uv":[7.8125,0.5,7.5,0.875],"tintindex":0,"rotation":0,"texture":"#0"},"north":{"uv":[7.8125,0.5,7.5,0.875],"tintindex":0,"rotation":0,"texture":"#0"},"west":{"uv":[7.5625,6.625,7.0625,6.25],"tintindex":0,"rotation":0,"texture":"#0"},"up":{"uv":[4.5,7.8125,4.8125,7.3125],"tintindex":0,"rotation":0,"texture":"#0"},"down":{"uv":[4.8125,7.8125,4.5,7.3125],"tintindex":0,"rotation":0,"texture":"#0"}},"rotation":{"origin":[7.183333,5.6198416,10.232545],"angle":45.0,"axis":"x"}}],"display":{"gui":{"rotation":[30,225,0]}}}