{"textures":{"0":"modelengine:entity/hippogryph_common"},"elements":[{"from":[5.0,-2.75,7.0],"to":[11.0,9.25,13.0],"faces":{"east":{"uv":[1.875,6.5,2.25,7.25],"tintindex":0,"rotation":0,"texture":"#0"},"south":{"uv":[2.3125,6.5,2.6875,7.25],"tintindex":0,"rotation":0,"texture":"#0"},"north":{"uv":[6.4375,1.1875,6.8125,1.9375],"tintindex":0,"rotation":0,"texture":"#0"},"west":{"uv":[2.75,6.5,3.125,7.25],"tintindex":0,"rotation":0,"texture":"#0"},"up":{"uv":[7.5,7.6875,7.125,7.3125],"tintindex":0,"rotation":0,"texture":"#0"},"down":{"uv":[7.75,3.75,7.375,4.125],"tintindex":0,"rotation":0,"texture":"#0"}},"rotation":{"origin":[8.0,3.25,10.0],"angle":-22.5,"axis":"x"}}],"display":{"gui":{"rotation":[30,225,0]}}}