{"textures":{"0":"modelengine:entity/sky_serpent_magma"},"elements":[{"from":[7.997826,12.979513,7.497629],"to":[7.997826,22.979511,23.497627],"faces":{"east":{"uv":[5.1875,0.0,6.1875,0.625],"tintindex":0,"rotation":0,"texture":"#0"},"west":{"uv":[5.375,0.6875,6.375,1.3125],"tintindex":0,"rotation":0,"texture":"#0"}}},{"from":[7.997826,-4.020487,7.497629],"to":[7.997826,1.9795132,23.497627],"faces":{"east":{"uv":[6.9375,2.25,7.9375,2.625],"tintindex":0,"rotation":0,"texture":"#0"},"west":{"uv":[6.9375,4.25,7.9375,4.625],"tintindex":0,"rotation":0,"texture":"#0"}}},{"from":[1.9978261,1.9545126,7.497629],"to":[13.997826,12.954514,23.497627],"faces":{"east":{"uv":[0.8125,4.8125,1.8125,5.5],"tintindex":0,"rotation":0,"texture":"#0"},"south":{"uv":[6.4375,0.0,7.1875,0.6875],"tintindex":0,"rotation":0,"texture":"#0"},"north":{"uv":[6.125,3.6875,6.875,4.375],"tintindex":0,"rotation":0,"texture":"#0"},"west":{"uv":[1.8125,4.8125,0.8125,5.5],"tintindex":0,"rotation":0,"texture":"#0"},"up":{"uv":[4.4375,4.375,3.6875,3.375],"tintindex":0,"rotation":0,"texture":"#0"},"down":{"uv":[0.75,3.9375,0.0,4.9375],"tintindex":0,"rotation":0,"texture":"#0"}}}],"display":{"gui":{"rotation":[30,225,0]}}}