{"textures":{"0":"modelengine:entity/sky_serpent_magma"},"elements":[{"from":[3.7487502,-4.1667356,14.542669],"to":[4.2487497,-2.6667356,16.042671],"faces":{"east":{"uv":[2.5625,8.5625,2.75,8.75],"tintindex":0,"rotation":0,"texture":"#0"},"south":{"uv":[6.375,6.5625,6.3125,6.75],"tintindex":0,"rotation":0,"texture":"#0"},"north":{"uv":[6.3125,0.375,6.25,0.5625],"tintindex":0,"rotation":0,"texture":"#0"},"west":{"uv":[2.75,8.5625,2.5625,8.75],"tintindex":0,"rotation":0,"texture":"#0"},"up":{"uv":[7.3125,5.25,7.375,5.0625],"tintindex":0,"rotation":0,"texture":"#0"},"down":{"uv":[1.0,7.5625,1.0625,7.75],"tintindex":0,"rotation":0,"texture":"#0"}},"rotation":{"origin":[7.0115,9.486174,25.442387],"angle":45.0,"axis":"x"}},{"from":[4.255,17.800102,18.428564],"to":[11.7425,18.800102,21.428564],"faces":{"east":{"uv":[2.0,3.75,2.375,3.875],"tintindex":0,"rotation":0,"texture":"#0"},"south":{"uv":[8.0,5.4375,8.9375,5.5625],"tintindex":0,"rotation":0,"texture":"#0"},"north":{"uv":[8.0,2.5,8.9375,2.625],"tintindex":0,"rotation":0,"texture":"#0"},"west":{"uv":[5.875,2.875,6.25,3.0],"tintindex":0,"rotation":0,"texture":"#0"},"up":{"uv":[3.625,4.375,2.6875,4.0],"tintindex":0,"rotation":0,"texture":"#0"},"down":{"uv":[5.5,7.125,4.5625,7.5],"tintindex":0,"rotation":0,"texture":"#0"}},"rotation":{"origin":[8.99225,9.486174,25.442387],"angle":-45.0,"axis":"x"}},{"from":[4.2487497,4.6125956,11.311136],"to":[11.74875,7.1125956,13.311136],"faces":{"east":{"uv":[8.3125,1.625,8.5625,1.9375],"tintindex":0,"rotation":0,"texture":"#0"},"south":{"uv":[7.25,0.375,8.1875,0.6875],"tintindex":0,"rotation":0,"texture":"#0"},"north":{"uv":[7.25,0.0,8.1875,0.3125],"tintindex":0,"rotation":0,"texture":"#0"},"west":{"uv":[8.3125,3.5625,8.5625,3.875],"tintindex":0,"rotation":0,"texture":"#0"},"up":{"uv":[5.625,3.3125,4.6875,3.0625],"tintindex":0,"rotation":0,"texture":"#0"},"down":{"uv":[8.375,0.75,7.4375,1.0],"tintindex":0,"rotation":0,"texture":"#0"}}},{"from":[4.23,21.823074,14.216253],"to":[11.7675,23.323074,15.216253],"faces":{"east":{"uv":[5.1875,0.9375,5.3125,1.125],"tintindex":0,"rotation":0,"texture":"#0"},"south":{"uv":[7.4375,1.0625,8.375,1.25],"tintindex":0,"rotation":0,"texture":"#0"},"north":{"uv":[7.0625,2.0,8.0,2.1875],"tintindex":0,"rotation":0,"texture":"#0"},"west":{"uv":[1.6875,5.5625,1.8125,5.75],"tintindex":0,"rotation":0,"texture":"#0"},"up":{"uv":[8.9375,5.75,8.0,5.625],"tintindex":0,"rotation":0,"texture":"#0"},"down":{"uv":[8.9375,5.8125,8.0,5.9375],"tintindex":0,"rotation":0,"texture":"#0"}},"rotation":{"origin":[8.96725,9.486174,25.442387],"angle":-45.0,"axis":"x"}},{"from":[4.2487497,7.1125956,8.811136],"to":[11.74875,11.112596,15.311136],"faces":{"east":{"uv":[4.5625,6.5625,5.375,7.0625],"tintindex":0,"rotation":0,"texture":"#0"},"south":{"uv":[6.5,5.3125,7.4375,5.8125],"tintindex":0,"rotation":0,"texture":"#0"},"north":{"uv":[6.4375,0.75,7.375,1.25],"tintindex":0,"rotation":0,"texture":"#0"},"west":{"uv":[5.4375,6.5625,6.25,7.0625],"tintindex":0,"rotation":0,"texture":"#0"},"up":{"uv":[4.625,2.4375,3.6875,1.625],"tintindex":0,"rotation":0,"texture":"#0"},"down":{"uv":[4.625,2.5,3.6875,3.3125],"tintindex":0,"rotation":0,"texture":"#0"}}},{"from":[7.9987497,1.3625956,7.811136],"to":[7.9987497,4.8625956,16.311136],"faces":{"east":{"uv":[6.5,5.875,7.5625,6.3125],"tintindex":0,"rotation":0,"texture":"#0"},"west":{"uv":[6.5,6.375,7.5625,6.8125],"tintindex":0,"rotation":0,"texture":"#0"}}},{"from":[11.74875,-4.1667356,14.542669],"to":[12.248751,-2.6667356,16.042671],"faces":{"east":{"uv":[2.5625,8.5625,2.75,8.75],"tintindex":0,"rotation":0,"texture":"#0"},"south":{"uv":[6.3125,6.5625,6.375,6.75],"tintindex":0,"rotation":0,"texture":"#0"},"north":{"uv":[6.25,0.375,6.3125,0.5625],"tintindex":0,"rotation":0,"texture":"#0"},"west":{"uv":[2.75,8.5625,2.5625,8.75],"tintindex":0,"rotation":0,"texture":"#0"},"up":{"uv":[7.375,5.25,7.3125,5.0625],"tintindex":0,"rotation":0,"texture":"#0"},"down":{"uv":[1.0625,7.5625,1.0,7.75],"tintindex":0,"rotation":0,"texture":"#0"}},"rotation":{"origin":[8.986,9.486174,25.442387],"angle":45.0,"axis":"x"}},{"from":[3.7487502,-2.0417356,17.042671],"to":[4.2487497,0.45826483,19.54267],"faces":{"east":{"uv":[8.1875,7.5625,8.5,7.875],"tintindex":0,"rotation":0,"texture":"#0"},"south":{"uv":[2.1875,7.3125,2.125,7.625],"tintindex":0,"rotation":0,"texture":"#0"},"north":{"uv":[6.3125,0.0,6.25,0.3125],"tintindex":0,"rotation":0,"texture":"#0"},"west":{"uv":[8.5,7.5625,8.1875,7.875],"tintindex":0,"rotation":0,"texture":"#0"},"up":{"uv":[7.3125,5.0,7.375,4.6875],"tintindex":0,"rotation":0,"texture":"#0"},"down":{"uv":[7.5,5.4375,7.5625,5.75],"tintindex":0,"rotation":0,"texture":"#0"}},"rotation":{"origin":[7.0115,9.486174,25.442387],"angle":45.0,"axis":"x"}},{"from":[3.2487502,12.233915,16.018242],"to":[12.748751,18.733917,16.018242],"faces":{"south":{"uv":[3.3125,0.0,2.125,0.8125],"tintindex":0,"rotation":0,"texture":"#0"},"north":{"uv":[2.125,0.0,3.3125,0.8125],"tintindex":0,"rotation":0,"texture":"#0"}}},{"from":[11.74875,-2.0417356,17.042671],"to":[12.248751,0.45826483,19.54267],"faces":{"east":{"uv":[8.1875,7.5625,8.5,7.875],"tintindex":0,"rotation":0,"texture":"#0"},"south":{"uv":[2.125,7.3125,2.1875,7.625],"tintindex":0,"rotation":0,"texture":"#0"},"north":{"uv":[6.25,0.0,6.3125,0.3125],"tintindex":0,"rotation":0,"texture":"#0"},"west":{"uv":[8.5,7.5625,8.1875,7.875],"tintindex":0,"rotation":0,"texture":"#0"},"up":{"uv":[7.375,5.0,7.3125,4.6875],"tintindex":0,"rotation":0,"texture":"#0"},"down":{"uv":[7.5625,5.4375,7.5,5.75],"tintindex":0,"rotation":0,"texture":"#0"}},"rotation":{"origin":[8.986,9.486174,25.442387],"angle":45.0,"axis":"x"}},{"from":[4.4987497,4.8625956,7.811136],"to":[11.49875,10.862596,16.311136],"faces":{"east":{"uv":[3.375,0.0,4.4375,0.75],"tintindex":0,"rotation":0,"texture":"#0"},"south":{"uv":[1.875,5.125,2.75,5.875],"tintindex":0,"rotation":0,"texture":"#0"},"north":{"uv":[5.0625,4.8125,5.9375,5.5625],"tintindex":0,"rotation":0,"texture":"#0"},"west":{"uv":[3.375,0.8125,4.4375,1.5625],"tintindex":0,"rotation":0,"texture":"#0"},"up":{"uv":[3.625,2.8125,2.75,1.75],"tintindex":0,"rotation":0,"texture":"#0"},"down":{"uv":[3.625,2.875,2.75,3.9375],"tintindex":0,"rotation":0,"texture":"#0"}}}],"display":{"gui":{"rotation":[30,225,0]}}}