{"textures":{"0":"modelengine:entity/sky_serpent_magma"},"elements":[{"from":[6.9958334,6.5,7.75],"to":[8.995833,9.5,20.749998],"faces":{"east":{"uv":[5.375,1.375,7.0,1.75],"tintindex":0,"rotation":0,"texture":"#0"},"south":{"uv":[6.0,8.25,6.25,8.625],"tintindex":0,"rotation":0,"texture":"#0"},"north":{"uv":[2.25,8.25,2.5,8.625],"tintindex":0,"rotation":0,"texture":"#0"},"west":{"uv":[5.375,1.8125,7.0,2.1875],"tintindex":0,"rotation":0,"texture":"#0"},"up":{"uv":[2.5,8.1875,2.25,6.5625],"tintindex":0,"rotation":0,"texture":"#0"},"down":{"uv":[6.5625,6.875,6.3125,8.5],"tintindex":0,"rotation":0,"texture":"#0"}}},{"from":[8.008333,9.5,7.75],"to":[8.008333,12.500001,20.749998],"faces":{"east":{"uv":[0.0,5.5625,1.625,5.9375],"tintindex":0,"rotation":0,"texture":"#0"},"west":{"uv":[1.625,5.5625,0.0,5.9375],"tintindex":0,"rotation":0,"texture":"#0"}}}],"display":{"gui":{"rotation":[30,225,0]}}}