{"credit":"Made by samus2002","textures":{"0":"rpg_mount_3_texture/hippogryph_royal","particle":"rpg_mount_3_texture/hippogryph_royal"},"elements":[{"from":[3.975,8.72183,5.26039],"to":[12.025,15.72183,15.26039],"rotation":{"angle":0,"axis":"y","origin":[8,13,8]},"faces":{"north":{"uv":[0,6.9375,0.5,7.375],"texture":"#0"},"east":{"uv":[6.375,4.875,7,5.3125],"texture":"#0"},"south":{"uv":[6.9375,0.6875,7.4375,1.125],"texture":"#0"},"west":{"uv":[5,6.5625,5.625,7],"texture":"#0"},"up":{"uv":[6.6875,0.625,6.1875,0],"texture":"#0"},"down":{"uv":[4.375,6.1875,3.875,6.8125],"texture":"#0"}}},{"from":[6.5,10.72183,-0.73961],"to":[9.5,13.72183,5.26039],"rotation":{"angle":0,"axis":"y","origin":[8,13,8]},"faces":{"north":{"uv":[0.375,8,0.5625,8.1875],"texture":"#0"},"east":{"uv":[7.5625,1.1875,7.9375,1.375],"texture":"#0"},"south":{"uv":[0.625,8,0.8125,8.1875],"texture":"#0"},"west":{"uv":[3.5625,7.5625,3.9375,7.75],"texture":"#0"},"up":{"uv":[5.3125,6,5.125,5.625],"texture":"#0"},"down":{"uv":[6.625,7.5,6.4375,7.875],"texture":"#0"}}},{"from":[6.5,8.72183,0.26039],"to":[9.5,10.72183,5.26039],"rotation":{"angle":0,"axis":"y","origin":[8,13,8]},"faces":{"north":{"uv":[8,0.9375,8.1875,1.0625],"texture":"#0"},"east":{"uv":[4.5,6.875,4.8125,7],"texture":"#0"},"south":{"uv":[8,1.125,8.1875,1.25],"texture":"#0"},"west":{"uv":[3.1875,7.9375,3.5,8.0625],"texture":"#0"},"up":{"uv":[7.5,8.0625,7.3125,7.75],"texture":"#0"},"down":{"uv":[3.75,7.8125,3.5625,8.125],"texture":"#0"}}},{"from":[6.5,6.72183,-0.73961],"to":[9.5,10.72183,-0.73961],"rotation":{"angle":0,"axis":"y","origin":[8,13,8]},"faces":{"north":{"uv":[7.5625,7.8125,7.75,8.0625],"texture":"#0"},"east":{"uv":[5.9375,6.0625,5.9375,6.3125],"texture":"#0"},"south":{"uv":[7.75,7.8125,7.5625,8.0625],"texture":"#0"},"west":{"uv":[6,6.0625,6,6.3125],"texture":"#0"},"up":{"uv":[4.0625,6.125,3.875,6.125],"texture":"#0"},"down":{"uv":[6.375,1.1875,6.1875,1.1875],"texture":"#0"}}},{"from":[4.025,6.12696,9.97674],"to":[4.025,15.12696,22.97674],"rotation":{"angle":-22.5,"axis":"x","origin":[8,13,8]},"faces":{"north":{"uv":[2.0625,8,2.0625,8.5625],"texture":"#0"},"east":{"uv":[6.125,0.625,5.3125,1.1875],"texture":"#0"},"south":{"uv":[2.125,8,2.125,8.5625],"texture":"#0"},"west":{"uv":[5.3125,0.625,6.125,1.1875],"texture":"#0"},"up":{"uv":[2.1875,8.8125,2.1875,8],"texture":"#0"},"down":{"uv":[2.25,8,2.25,8.8125],"texture":"#0"}}},{"from":[5.025,9.94151,8.10875],"to":[5.025,16.94151,19.10875],"rotation":{"angle":-45,"axis":"x","origin":[8,13,8]},"faces":{"north":{"uv":[2.3125,8,2.3125,8.4375],"texture":"#0"},"east":{"uv":[1.25,6.25,0.5625,6.6875],"texture":"#0"},"south":{"uv":[2.375,8,2.375,8.4375],"texture":"#0"},"west":{"uv":[0.5625,6.25,1.25,6.6875],"texture":"#0"},"up":{"uv":[2.4375,8.6875,2.4375,8],"texture":"#0"},"down":{"uv":[2.5,8,2.5,8.6875],"texture":"#0"}}},{"from":[11.975,6.12696,9.97674],"to":[11.975,15.12696,22.97674],"rotation":{"angle":-22.5,"axis":"x","origin":[8,13,8]},"faces":{"north":{"uv":[2.0625,8,2.0625,8.5625],"texture":"#0"},"east":{"uv":[6.125,0.625,5.3125,1.1875],"texture":"#0"},"south":{"uv":[2.125,8,2.125,8.5625],"texture":"#0"},"west":{"uv":[5.3125,0.625,6.125,1.1875],"texture":"#0"},"up":{"uv":[2.1875,8.8125,2.1875,8],"texture":"#0"},"down":{"uv":[2.25,8,2.25,8.8125],"texture":"#0"}}},{"from":[10.975,9.94151,8.10875],"to":[10.975,16.94151,19.10875],"rotation":{"angle":-45,"axis":"x","origin":[8,13,8]},"faces":{"north":{"uv":[2.3125,8,2.3125,8.4375],"texture":"#0"},"east":{"uv":[1.25,6.25,0.5625,6.6875],"texture":"#0"},"south":{"uv":[2.375,8,2.375,8.4375],"texture":"#0"},"west":{"uv":[0.5625,6.25,1.25,6.6875],"texture":"#0"},"up":{"uv":[2.4375,8.6875,2.4375,8],"texture":"#0"},"down":{"uv":[2.5,8,2.5,8.6875],"texture":"#0"}}}],"gui_light":"front","display":{"gui":{"rotation":[0,90,0],"translation":[-1.75,-4,0],"scale":[0.65,0.65,0.65]}},"groups":[{"name":"h_head","origin":[8,5.19333,10.91604],"rotation":[2.5,0,0],"color":0,"children":[0,1,{"name":"h_jaw","origin":[8,5.47183,3.01039],"color":0,"children":[2]},3,4,5,6,7,{"name":"tag_name","origin":[8,9.44333,9.41604],"color":0,"children":[]}]}],"mcmodels":"79b7a4fff2233ba99ed2c2b5ef10207a"}