{"credit":"Made by samus2002","textures":{"1":"rpg_mount_3_texture/sky_serpent_jade","particle":"rpg_mount_3_texture/sky_serpent_jade"},"elements":[{"from":[3,-0.4742,1.34484],"to":[13,10.5258,11.34484],"rotation":{"angle":0,"axis":"y","origin":[8,8,8]},"faces":{"north":{"uv":[2,3,2.625,3.6875],"texture":"#1"},"east":{"uv":[3.1875,6.5,3.8125,7.1875],"texture":"#1"},"south":{"uv":[1.5625,6.5625,2.1875,7.25],"texture":"#1"},"west":{"uv":[3.875,6.5625,4.5,7.25],"texture":"#1"},"up":{"uv":[7.375,3.5,6.75,2.875],"texture":"#1"},"down":{"uv":[7.25,6.875,6.625,7.5],"texture":"#1"}}},{"from":[12.64495,-1.4742,9.78745],"to":[12.64495,12.5258,24.78745],"rotation":{"angle":22.5,"axis":"y","origin":[8,8,8]},"faces":{"north":{"uv":[2.6875,3,2.6875,3.875],"texture":"#1"},"east":{"uv":[0,3,0.9375,3.875],"texture":"#1"},"south":{"uv":[5,8.1875,5,9.0625],"texture":"#1"},"west":{"uv":[0.9375,3,0,3.875],"texture":"#1"},"up":{"uv":[0.75,9.5,0.75,8.5625],"texture":"#1"},"down":{"uv":[0.8125,8.5625,0.8125,9.5],"texture":"#1"}}},{"from":[5,3.5258,-9.65516],"to":[11,10.5258,1.34484],"rotation":{"angle":0,"axis":"y","origin":[8,8,8]},"faces":{"north":{"uv":[7.75,7.6875,8.125,8.125],"texture":"#1"},"east":{"uv":[0,5,0.6875,5.4375],"texture":"#1"},"south":{"uv":[1,7.8125,1.375,8.25],"texture":"#1"},"west":{"uv":[5.5625,7.125,6.25,7.5625],"texture":"#1"},"up":{"uv":[4.125,8,3.75,7.3125],"texture":"#1"},"down":{"uv":[7.6875,6.875,7.3125,7.5625],"texture":"#1"}}},{"from":[10.975,3.5258,-9.65516],"to":[10.975,6.5258,1.34484],"rotation":{"angle":0,"axis":"y","origin":[8,8,8]},"faces":{"north":{"uv":[2.625,4.8125,2.625,5],"texture":"#1"},"east":{"uv":[7.875,3.0625,8.5625,3.25],"texture":"#1"},"south":{"uv":[6.4375,5.3125,6.4375,5.5],"texture":"#1"},"west":{"uv":[8.5625,3.0625,7.875,3.25],"texture":"#1"},"up":{"uv":[5.875,9.25,5.875,8.5625],"texture":"#1"},"down":{"uv":[5.9375,8.5625,5.9375,9.25],"texture":"#1"}}},{"from":[5,3.5258,-9.63016],"to":[11,6.5258,-9.63016],"rotation":{"angle":0,"axis":"y","origin":[8,8,8]},"faces":{"north":{"uv":[8.0625,2,8.4375,2.1875],"texture":"#1"},"east":{"uv":[6.4375,6.5625,6.4375,6.75],"texture":"#1"},"south":{"uv":[8.4375,2,8.0625,2.1875],"texture":"#1"},"west":{"uv":[6.875,4.4375,6.875,4.625],"texture":"#1"},"up":{"uv":[2.5,1.75,2.125,1.75],"texture":"#1"},"down":{"uv":[2.5,1.8125,2.125,1.8125],"texture":"#1"}}},{"from":[5.025,3.5258,-9.65516],"to":[5.025,6.5258,1.34484],"rotation":{"angle":0,"axis":"y","origin":[8,8,8]},"faces":{"north":{"uv":[2.625,4.8125,2.625,5],"texture":"#1"},"east":{"uv":[7.875,3.0625,8.5625,3.25],"texture":"#1"},"south":{"uv":[6.4375,5.3125,6.4375,5.5],"texture":"#1"},"west":{"uv":[8.5625,3.0625,7.875,3.25],"texture":"#1"},"up":{"uv":[5.875,9.25,5.875,8.5625],"texture":"#1"},"down":{"uv":[5.9375,8.5625,5.9375,9.25],"texture":"#1"}}},{"from":[5,-0.4742,-9.65516],"to":[11,3.5258,1.34484],"rotation":{"angle":0,"axis":"y","origin":[8,8,8]},"faces":{"north":{"uv":[6,5.3125,6.375,5.5625],"texture":"#1"},"east":{"uv":[1.875,4.8125,2.5625,5.0625],"texture":"#1"},"south":{"uv":[5.5625,8.25,5.9375,8.5],"texture":"#1"},"west":{"uv":[6.125,4.4375,6.8125,4.6875],"texture":"#1"},"up":{"uv":[7.8125,3.375,7.4375,2.6875],"texture":"#1"},"down":{"uv":[7.875,4.6875,7.5,5.375],"texture":"#1"}}},{"from":[9.225,8.56959,3.51874],"to":[12.225,12.56959,14.51874],"rotation":{"angle":-22.5,"axis":"x","origin":[8,8,8]},"faces":{"north":{"uv":[0.25,8.5625,0.4375,8.8125],"texture":"#1"},"east":{"uv":[7,7.625,7.6875,7.875],"texture":"#1"},"south":{"uv":[0.5,8.5625,0.6875,8.8125],"texture":"#1"},"west":{"uv":[7,7.625,7.6875,7.875],"texture":"#1"},"up":{"uv":[2,8.625,1.8125,7.9375],"texture":"#1"},"down":{"uv":[2,8.625,1.8125,7.9375],"texture":"#1"}}},{"from":[10.2,14.77124,5.84786],"to":[12.2,29.77124,8.84786],"rotation":{"angle":45,"axis":"x","origin":[8,8,8]},"faces":{"north":{"uv":[2.5625,6.5625,2.6875,7.5],"texture":"#1"},"east":{"uv":[5.0625,7.5625,5.25,8.5],"texture":"#1"},"south":{"uv":[2.5625,6.5625,2.6875,7.5],"texture":"#1"},"west":{"uv":[5.0625,7.5625,5.25,8.5],"texture":"#1"},"up":{"uv":[4.625,1.375,4.5,1.1875],"texture":"#1"},"down":{"uv":[4.625,1.375,4.5,1.1875],"texture":"#1"}}},{"from":[12.975,8.14565,1.97352],"to":[12.975,21.14565,15.97352],"rotation":{"angle":22.5,"axis":"x","origin":[8,8,8]},"faces":{"north":{"uv":[2.8125,8.5625,2.8125,9.375],"texture":"#1"},"east":{"uv":[0.8125,3.9375,1.6875,4.75],"texture":"#1"},"south":{"uv":[2.875,8.5625,2.875,9.375],"texture":"#1"},"west":{"uv":[1.6875,3.9375,0.8125,4.75],"texture":"#1"},"up":{"uv":[2.9375,9.4375,2.9375,8.5625],"texture":"#1"},"down":{"uv":[4.375,8.5625,4.375,9.4375],"texture":"#1"}}},{"from":[8.025,7.14565,-1.02648],"to":[8.025,24.14565,19.97352],"rotation":{"angle":22.5,"axis":"x","origin":[8,8,8]},"faces":{"north":{"uv":[4.4375,8.5625,4.4375,9.625],"texture":"#1"},"east":{"uv":[0,1.875,1.3125,2.9375],"texture":"#1"},"south":{"uv":[4.5,8.5625,4.5,9.625],"texture":"#1"},"west":{"uv":[1.3125,1.875,0,2.9375],"texture":"#1"},"up":{"uv":[4.5625,9.875,4.5625,8.5625],"texture":"#1"},"down":{"uv":[4.625,8.5625,4.625,9.875],"texture":"#1"}}},{"from":[12.975,-8.76662,0.12522],"to":[12.975,2.23338,15.12522],"rotation":{"angle":-22.5,"axis":"x","origin":[8,8,8]},"faces":{"north":{"uv":[4.6875,8.5625,4.6875,9.25],"texture":"#1"},"east":{"uv":[2.8125,5.125,3.75,5.8125],"texture":"#1"},"south":{"uv":[4.75,8.5625,4.75,9.25],"texture":"#1"},"west":{"uv":[3.75,5.125,2.8125,5.8125],"texture":"#1"},"up":{"uv":[4.8125,9.5,4.8125,8.5625],"texture":"#1"},"down":{"uv":[4.875,8.5625,4.875,9.5],"texture":"#1"}}},{"from":[5,0.5258,-9.60516],"to":[11,3.5258,-9.60516],"rotation":{"angle":0,"axis":"y","origin":[8,8,8]},"faces":{"north":{"uv":[8.4375,0.75,8.8125,0.9375],"texture":"#1"},"east":{"uv":[2.5625,7.5625,2.5625,7.75],"texture":"#1"},"south":{"uv":[8.8125,0.75,8.4375,0.9375],"texture":"#1"},"west":{"uv":[2.625,7.5625,2.625,7.75],"texture":"#1"},"up":{"uv":[5.75,2.25,5.375,2.25],"texture":"#1"},"down":{"uv":[5.75,2.3125,5.375,2.3125],"texture":"#1"}}},{"from":[10.95,0.5258,-9.65516],"to":[10.95,3.5258,1.34484],"rotation":{"angle":0,"axis":"y","origin":[8,8,8]},"faces":{"north":{"uv":[2.6875,7.5625,2.6875,7.75],"texture":"#1"},"east":{"uv":[8,2.25,8.6875,2.4375],"texture":"#1"},"south":{"uv":[2.125,7.6875,2.125,7.875],"texture":"#1"},"west":{"uv":[8.6875,2.25,8,2.4375],"texture":"#1"},"up":{"uv":[6.3125,9.25,6.3125,8.5625],"texture":"#1"},"down":{"uv":[6.375,8.5625,6.375,9.25],"texture":"#1"}}},{"from":[5.05,0.5258,-9.65516],"to":[5.05,3.5258,1.34484],"rotation":{"angle":0,"axis":"y","origin":[8,8,8]},"faces":{"north":{"uv":[2.6875,7.5625,2.6875,7.75],"texture":"#1"},"east":{"uv":[8,2.25,8.6875,2.4375],"texture":"#1"},"south":{"uv":[2.125,7.6875,2.125,7.875],"texture":"#1"},"west":{"uv":[8.6875,2.25,8,2.4375],"texture":"#1"},"up":{"uv":[6.3125,9.25,6.3125,8.5625],"texture":"#1"},"down":{"uv":[6.375,8.5625,6.375,9.25],"texture":"#1"}}},{"from":[3.025,-8.76662,0.12522],"to":[3.025,2.23338,15.12522],"rotation":{"angle":-22.5,"axis":"x","origin":[8,8,8]},"faces":{"north":{"uv":[4.6875,8.5625,4.6875,9.25],"texture":"#1"},"east":{"uv":[2.8125,5.125,3.75,5.8125],"texture":"#1"},"south":{"uv":[4.75,8.5625,4.75,9.25],"texture":"#1"},"west":{"uv":[3.75,5.125,2.8125,5.8125],"texture":"#1"},"up":{"uv":[4.8125,9.5,4.8125,8.5625],"texture":"#1"},"down":{"uv":[4.875,8.5625,4.875,9.5],"texture":"#1"}}},{"from":[3.025,8.14565,1.97352],"to":[3.025,21.14565,15.97352],"rotation":{"angle":22.5,"axis":"x","origin":[8,8,8]},"faces":{"north":{"uv":[2.8125,8.5625,2.8125,9.375],"texture":"#1"},"east":{"uv":[0.8125,3.9375,1.6875,4.75],"texture":"#1"},"south":{"uv":[2.875,8.5625,2.875,9.375],"texture":"#1"},"west":{"uv":[1.6875,3.9375,0.8125,4.75],"texture":"#1"},"up":{"uv":[2.9375,9.4375,2.9375,8.5625],"texture":"#1"},"down":{"uv":[4.375,8.5625,4.375,9.4375],"texture":"#1"}}},{"from":[3.8,14.77124,5.84786],"to":[5.8,29.77124,8.84786],"rotation":{"angle":45,"axis":"x","origin":[8,8,8]},"faces":{"north":{"uv":[2.6875,6.5625,2.5625,7.5],"texture":"#1"},"east":{"uv":[5.25,7.5625,5.0625,8.5],"texture":"#1"},"south":{"uv":[2.6875,6.5625,2.5625,7.5],"texture":"#1"},"west":{"uv":[5.25,7.5625,5.0625,8.5],"texture":"#1"},"up":{"uv":[4.5,1.375,4.625,1.1875],"texture":"#1"},"down":{"uv":[4.5,1.375,4.625,1.1875],"texture":"#1"}}},{"from":[3.775,8.56959,3.51874],"to":[6.775,12.56959,14.51874],"rotation":{"angle":-22.5,"axis":"x","origin":[8,8,8]},"faces":{"north":{"uv":[0.4375,8.5625,0.25,8.8125],"texture":"#1"},"east":{"uv":[7.6875,7.625,7,7.875],"texture":"#1"},"south":{"uv":[0.6875,8.5625,0.5,8.8125],"texture":"#1"},"west":{"uv":[7.6875,7.625,7,7.875],"texture":"#1"},"up":{"uv":[1.8125,8.625,2,7.9375],"texture":"#1"},"down":{"uv":[1.8125,8.625,2,7.9375],"texture":"#1"}}},{"from":[3.35505,-1.4742,9.78745],"to":[3.35505,12.5258,24.78745],"rotation":{"angle":-22.5,"axis":"y","origin":[8,8,8]},"faces":{"north":{"uv":[2.6875,3,2.6875,3.875],"texture":"#1"},"east":{"uv":[0,3,0.9375,3.875],"texture":"#1"},"south":{"uv":[5,8.1875,5,9.0625],"texture":"#1"},"west":{"uv":[0.9375,3,0,3.875],"texture":"#1"},"up":{"uv":[0.75,9.5,0.75,8.5625],"texture":"#1"},"down":{"uv":[0.8125,8.5625,0.8125,9.5],"texture":"#1"}}}],"gui_light":"front","display":{"gui":{"rotation":[0,90,0],"translation":[0.75,0,0],"scale":[0.43,0.43,0.43]}},"groups":[{"name":"h_head","origin":[8.00125,0.06728,14.10317],"rotation":[-2.47142,-5.0047,-0.21865],"color":0,"children":[0,1,2,{"name":"h_jaw","origin":[8,-1.8492,4.32609],"color":0,"children":[3,4,5,6]},7,8,9,10,11,12,13,14,15,16,17,18,19,{"name":"tag_name","origin":[8.00125,3.06728,9.10317],"color":0,"children":[]}]}],"mcmodels":"79b7a4fff2233ba99ed2c2b5ef10207a"}