{"credit":"Made by samus2002","textures":{"0":"rpg_mount_3_texture/raptor_red","particle":"rpg_mount_3_texture/raptor_red"},"elements":[{"from":[4.5,10.75,1],"to":[11.5,15.75,8],"rotation":{"angle":0,"axis":"y","origin":[8,14,8]},"faces":{"north":{"uv":[9.875,3.25,10.75,3.875],"texture":"#0"},"east":{"uv":[9.875,4,10.75,4.625],"texture":"#0"},"south":{"uv":[9.875,4.75,10.75,5.375],"texture":"#0"},"west":{"uv":[9.875,8,10.75,8.625],"texture":"#0"},"up":{"uv":[2.375,9.25,1.5,8.375],"texture":"#0"},"down":{"uv":[6.75,8.375,5.875,9.25],"texture":"#0"}}},{"from":[4.5,8.75,1],"to":[11.5,10.75,8],"rotation":{"angle":0,"axis":"y","origin":[8,14,8]},"faces":{"north":{"uv":[8.375,7.25,9.25,7.5],"texture":"#0"},"east":{"uv":[10.875,3.875,11.75,4.125],"texture":"#0"},"south":{"uv":[10.875,4.25,11.75,4.5],"texture":"#0"},"west":{"uv":[10.875,4.625,11.75,4.875],"texture":"#0"},"up":{"uv":[9.25,7.125,8.375,6.25],"texture":"#0"},"down":{"uv":[7.75,8.375,6.875,9.25],"texture":"#0"}}},{"from":[4.5,8.75,8],"to":[11.5,15.75,15],"rotation":{"angle":0,"axis":"y","origin":[8,14,8]},"faces":{"north":{"uv":[7.875,8.375,8.75,9.25],"texture":"#0"},"east":{"uv":[2.5,8.5,3.375,9.375],"texture":"#0"},"south":{"uv":[0,8.75,0.875,9.625],"texture":"#0"},"west":{"uv":[8.875,8.375,9.75,9.25],"texture":"#0"},"up":{"uv":[9.875,0.875,9,0],"texture":"#0"},"down":{"uv":[9.875,1,9,1.875],"texture":"#0"}}},{"from":[8,15.75,1],"to":[8,20.75,12],"rotation":{"angle":0,"axis":"y","origin":[8,14,8]},"faces":{"north":{"uv":[9.125,11,9.125,11.625],"texture":"#0"},"east":{"uv":[7.25,4.5,8.625,5.125],"texture":"#0"},"south":{"uv":[9.25,11,9.25,11.625],"texture":"#0"},"west":{"uv":[6.375,7.625,7.75,8.25],"texture":"#0"},"up":{"uv":[9.375,12.375,9.375,11],"texture":"#0"},"down":{"uv":[9.5,11,9.5,12.375],"texture":"#0"}}}],"gui_light":"front","display":{"gui":{"rotation":[0,90,0],"translation":[0,-4.25,0],"scale":[0.8,0.8,0.8]}},"groups":[{"name":"h_head","origin":[8,4.375,12.75],"color":0,"children":[0,{"name":"h_jaw","origin":[8,4.5,7.825],"color":0,"children":[1]},2,3,{"name":"tag_name","origin":[8,8.375,9.75],"color":0,"children":[]}]}],"mcmodels":"79b7a4fff2233ba99ed2c2b5ef10207a"}