{"sources":[{"type":"single","resource":"minecraft:rpg_mount_3_texture/basilisk_obsidian"},{"type":"single","resource":"minecraft:rpg_mount_3_texture/basilisk_snowstorm"},{"type":"single","resource":"minecraft:rpg_mount_3_texture/basilisk_wild"},{"type":"single","resource":"minecraft:rpg_mount_3_texture/hippogryph_common"},{"type":"single","resource":"minecraft:rpg_mount_3_texture/hippogryph_crystal"},{"type":"single","resource":"minecraft:rpg_mount_3_texture/hippogryph_fallen"},{"type":"single","resource":"minecraft:rpg_mount_3_texture/hippogryph_royal"},{"type":"single","resource":"minecraft:rpg_mount_3_texture/raptor_nightmare"},{"type":"single","resource":"minecraft:rpg_mount_3_texture/raptor_red"},{"type":"single","resource":"minecraft:rpg_mount_3_texture/raptor_undead"},{"type":"single","resource":"minecraft:rpg_mount_3_texture/sky_serpent_jade"},{"type":"single","resource":"minecraft:rpg_mount_3_texture/sky_serpent_magma"},{"type":"single","resource":"minecraft:rpg_mount_3_texture/sky_serpent_solar"},{"type":"single","resource":"minecraft:rpg_mount_3_texture/sky_serpent_spectral"},{"type":"single","resource":"minecraft:rpg_mount_3_texture/stag_demonic"},{"type":"single","resource":"minecraft:rpg_mount_3_texture/stag_heavenly"},{"type":"single","resource":"minecraft:rpg_mount_3_texture/stag_rune"},{"type":"single","resource":"minecraft:rpg_mount_3_texture/stag_void"}],"mcmodels":"79b7a4fff2233ba99ed2c2b5ef10207a"}