{"textures":{"0":"modelengine:entity/spirit_guardian"},"elements":[{"from":[-3.5,4.047497,8.170431],"to":[19.5,17.047497,19.170431],"faces":{"east":{"uv":[1.0,4.6875,1.6875,5.5],"tintindex":0,"rotation":0,"texture":"#0"},"south":{"uv":[1.5,3.8125,2.9375,4.625],"tintindex":0,"rotation":0,"texture":"#0"},"north":{"uv":[0.0,3.8125,1.4375,4.625],"tintindex":0,"rotation":0,"texture":"#0"},"west":{"uv":[1.75,4.6875,2.4375,5.5],"tintindex":0,"rotation":0,"texture":"#0"},"up":{"uv":[4.4375,4.5,3.0,3.8125],"tintindex":0,"rotation":0,"texture":"#0"},"down":{"uv":[5.3125,0.0,3.875,0.6875],"tintindex":0,"rotation":0,"texture":"#0"}},"rotation":{"origin":[16.0,21.0,18.0],"angle":22.5,"axis":"x"}}],"display":{"gui":{"rotation":[30,225,0]}}}