{"textures":{"0":"modelengine:entity/spirit_guardian"},"elements":[{"from":[-0.5886631,17.091423,6.991475],"to":[2.411336,24.091423,8.991475],"faces":{"east":{"uv":[7.6875,8.875,7.8125,9.3125],"tintindex":0,"rotation":0,"texture":"#0"},"south":{"uv":[7.0625,0.0,6.875,0.4375],"tintindex":0,"rotation":0,"texture":"#0"},"north":{"uv":[6.875,0.0,7.0625,0.4375],"tintindex":0,"rotation":0,"texture":"#0"},"west":{"uv":[3.4375,8.9375,3.5625,9.375],"tintindex":0,"rotation":0,"texture":"#0"},"up":{"uv":[6.125,3.75,5.9375,3.625],"tintindex":0,"rotation":0,"texture":"#0"},"down":{"uv":[6.25,0.5,6.0625,0.625],"tintindex":0,"rotation":0,"texture":"#0"}},"rotation":{"origin":[0.91133595,20.591423,7.991475],"angle":-22.5,"axis":"z"}},{"from":[13.588664,17.091423,6.991475],"to":[16.588665,24.091423,8.991475],"faces":{"east":{"uv":[3.5625,8.9375,3.4375,9.375],"tintindex":0,"rotation":0,"texture":"#0"},"south":{"uv":[6.875,0.0,7.0625,0.4375],"tintindex":0,"rotation":0,"texture":"#0"},"north":{"uv":[7.0625,0.0,6.875,0.4375],"tintindex":0,"rotation":0,"texture":"#0"},"west":{"uv":[7.8125,8.875,7.6875,9.3125],"tintindex":0,"rotation":0,"texture":"#0"},"up":{"uv":[5.9375,3.75,6.125,3.625],"tintindex":0,"rotation":0,"texture":"#0"},"down":{"uv":[6.0625,0.5,6.25,0.625],"tintindex":0,"rotation":0,"texture":"#0"}},"rotation":{"origin":[15.088664,20.591423,7.991475],"angle":22.5,"axis":"z"}},{"from":[3.5,7.4824905,2.991475],"to":[12.5,15.482491,11.991475],"faces":{"east":{"uv":[2.0625,6.9375,1.5,7.4375],"tintindex":0,"rotation":0,"texture":"#0"},"south":{"uv":[1.5,6.9375,2.0625,7.4375],"tintindex":0,"rotation":0,"texture":"#0"},"north":{"uv":[4.9375,6.9375,4.375,7.4375],"tintindex":0,"rotation":0,"texture":"#0"},"west":{"uv":[4.375,6.9375,4.9375,7.4375],"tintindex":0,"rotation":0,"texture":"#0"},"up":{"uv":[0.875,6.625,0.3125,6.0625],"tintindex":0,"rotation":0,"texture":"#0"},"down":{"uv":[6.75,5.1875,6.1875,5.75],"tintindex":0,"rotation":0,"texture":"#0"}},"rotation":{"origin":[8.0,11.482491,7.491475],"angle":-45.0,"axis":"y"}},{"from":[4.8180194,15.482491,1.8094945],"to":[4.8180194,20.48249,6.809495],"faces":{"east":{"uv":[8.75,6.1875,8.4375,6.5],"tintindex":0,"rotation":0,"texture":"#0"},"west":{"uv":[8.4375,6.1875,8.75,6.5],"tintindex":0,"rotation":0,"texture":"#0"}},"rotation":{"origin":[4.8180194,17.98249,4.3094945],"angle":-45.0,"axis":"y"}},{"from":[11.18198,15.482491,1.8094945],"to":[11.18198,20.48249,6.809495],"faces":{"east":{"uv":[8.75,6.1875,8.4375,6.5],"tintindex":0,"rotation":0,"texture":"#0"},"west":{"uv":[8.4375,6.1875,8.75,6.5],"tintindex":0,"rotation":0,"texture":"#0"}},"rotation":{"origin":[11.18198,17.98249,4.3094945],"angle":45.0,"axis":"y"}},{"from":[9.793934,14.184364,6.491475],"to":[17.793934,18.184364,9.491475],"faces":{"east":{"uv":[7.5625,1.5,7.375,1.75],"tintindex":0,"rotation":0,"texture":"#0"},"south":{"uv":[8.25,1.125,8.75,1.375],"tintindex":0,"rotation":0,"texture":"#0"},"north":{"uv":[8.75,1.125,8.25,1.375],"tintindex":0,"rotation":0,"texture":"#0"},"west":{"uv":[7.5,6.75,7.3125,7.0],"tintindex":0,"rotation":0,"texture":"#0"},"up":{"uv":[3.875,8.75,4.375,8.5625],"tintindex":0,"rotation":0,"texture":"#0"},"down":{"uv":[4.4375,8.5625,4.9375,8.75],"tintindex":0,"rotation":0,"texture":"#0"}},"rotation":{"origin":[13.793934,16.184364,7.991475],"angle":45.0,"axis":"z"}},{"from":[6.6819806,2.4824905,4.3094945],"to":[15.68198,7.4824905,4.3094945],"faces":{"south":{"uv":[7.9375,3.0625,8.5,3.375],"tintindex":0,"rotation":0,"texture":"#0"},"north":{"uv":[8.5,3.0625,7.9375,3.375],"tintindex":0,"rotation":0,"texture":"#0"}},"rotation":{"origin":[11.18198,4.9824905,4.3094945],"angle":-45.0,"axis":"y"}},{"from":[-1.7939329,14.184364,6.491475],"to":[6.206066,18.184364,9.491475],"faces":{"east":{"uv":[7.3125,6.75,7.5,7.0],"tintindex":0,"rotation":0,"texture":"#0"},"south":{"uv":[8.75,1.125,8.25,1.375],"tintindex":0,"rotation":0,"texture":"#0"},"north":{"uv":[8.25,1.125,8.75,1.375],"tintindex":0,"rotation":0,"texture":"#0"},"west":{"uv":[7.375,1.5,7.5625,1.75],"tintindex":0,"rotation":0,"texture":"#0"},"up":{"uv":[4.375,8.75,3.875,8.5625],"tintindex":0,"rotation":0,"texture":"#0"},"down":{"uv":[4.9375,8.5625,4.4375,8.75],"tintindex":0,"rotation":0,"texture":"#0"}},"rotation":{"origin":[2.2060661,16.184364,7.991475],"angle":-45.0,"axis":"z"}},{"from":[6.5,13.891472,-0.90405273],"to":[9.5,17.891472,7.0959473],"faces":{"east":{"uv":[7.0625,8.25,7.5625,8.5],"tintindex":0,"rotation":0,"texture":"#0"},"south":{"uv":[9.0,8.125,9.1875,8.375],"tintindex":0,"rotation":0,"texture":"#0"},"north":{"uv":[6.875,9.0,7.0625,9.25],"tintindex":0,"rotation":0,"texture":"#0"},"west":{"uv":[2.9375,8.3125,3.4375,8.5625],"tintindex":0,"rotation":0,"texture":"#0"},"up":{"uv":[6.3125,9.0625,6.125,8.5625],"tintindex":0,"rotation":0,"texture":"#0"},"down":{"uv":[6.5625,8.5625,6.375,9.0625],"tintindex":0,"rotation":0,"texture":"#0"}},"rotation":{"origin":[8.0,15.891472,3.0959468],"angle":45.0,"axis":"x"}},{"from":[13.818066,22.563812,7.491475],"to":[15.818066,30.563812,8.491475],"faces":{"east":{"uv":[6.5625,9.125,6.5,9.625],"tintindex":0,"rotation":0,"texture":"#0"},"south":{"uv":[1.5,8.875,1.375,9.375],"tintindex":0,"rotation":0,"texture":"#0"},"north":{"uv":[0.6875,8.6875,0.5625,9.1875],"tintindex":0,"rotation":0,"texture":"#0"},"west":{"uv":[4.5,5.9375,4.4375,6.4375],"tintindex":0,"rotation":0,"texture":"#0"},"up":{"uv":[7.9375,3.875,8.0625,3.8125],"tintindex":0,"rotation":0,"texture":"#0"},"down":{"uv":[8.1875,1.875,8.3125,1.9375],"tintindex":0,"rotation":0,"texture":"#0"}},"rotation":{"origin":[14.818066,26.563812,7.991475],"angle":-22.5,"axis":"z"}},{"from":[0.3180194,2.4824905,4.3094945],"to":[9.31802,7.4824905,4.3094945],"faces":{"south":{"uv":[8.5,3.0625,7.9375,3.375],"tintindex":0,"rotation":0,"texture":"#0"},"north":{"uv":[7.9375,3.0625,8.5,3.375],"tintindex":0,"rotation":0,"texture":"#0"}},"rotation":{"origin":[4.8180194,4.9824905,4.3094945],"angle":45.0,"axis":"y"}},{"from":[0.18193388,22.563812,7.491475],"to":[2.1819339,30.563812,8.491475],"faces":{"east":{"uv":[4.4375,5.9375,4.5,6.4375],"tintindex":0,"rotation":0,"texture":"#0"},"south":{"uv":[1.375,8.875,1.5,9.375],"tintindex":0,"rotation":0,"texture":"#0"},"north":{"uv":[0.5625,8.6875,0.6875,9.1875],"tintindex":0,"rotation":0,"texture":"#0"},"west":{"uv":[6.5,9.125,6.5625,9.625],"tintindex":0,"rotation":0,"texture":"#0"},"up":{"uv":[8.0625,3.875,7.9375,3.8125],"tintindex":0,"rotation":0,"texture":"#0"},"down":{"uv":[8.3125,1.875,8.1875,1.9375],"tintindex":0,"rotation":0,"texture":"#0"}},"rotation":{"origin":[1.1819339,26.563812,7.991475],"angle":22.5,"axis":"z"}},{"from":[7.0,17.516869,1.2257457],"to":[9.0,24.516869,3.2257457],"faces":{"east":{"uv":[1.75,9.0,1.875,9.4375],"tintindex":0,"rotation":0,"texture":"#0"},"south":{"uv":[1.9375,9.0,2.0625,9.4375],"tintindex":0,"rotation":0,"texture":"#0"},"north":{"uv":[8.4375,8.9375,8.5625,9.375],"tintindex":0,"rotation":0,"texture":"#0"},"west":{"uv":[2.125,9.0,2.25,9.4375],"tintindex":0,"rotation":0,"texture":"#0"},"up":{"uv":[5.8125,9.625,5.6875,9.5],"tintindex":0,"rotation":0,"texture":"#0"},"down":{"uv":[9.625,6.5625,9.5,6.6875],"tintindex":0,"rotation":0,"texture":"#0"}},"rotation":{"origin":[8.0,21.016869,2.2257457],"angle":22.5,"axis":"x"}}],"display":{"gui":{"rotation":[30,225,0]}}}