{"textures":{"0":"modelengine:entity/spirit_guardian"},"elements":[{"from":[1.9513655,2.9991684,1.1482477],"to":[9.951365,12.999168,3.1482477],"faces":{"east":{"uv":[7.875,8.25,8.0,8.875],"tintindex":0,"rotation":0,"texture":"#0"},"south":{"uv":[1.5625,6.25,2.0625,6.875],"tintindex":0,"rotation":0,"texture":"#0"},"north":{"uv":[6.25,1.375,6.75,2.0],"tintindex":0,"rotation":0,"texture":"#0"},"west":{"uv":[8.0625,8.5625,8.1875,9.1875],"tintindex":0,"rotation":0,"texture":"#0"},"up":{"uv":[9.3125,3.4375,8.8125,3.3125],"tintindex":0,"rotation":0,"texture":"#0"},"down":{"uv":[9.3125,3.5,8.8125,3.625],"tintindex":0,"rotation":0,"texture":"#0"}},"rotation":{"origin":[5.9513655,7.9991684,2.1482477],"angle":22.5,"axis":"z"}},{"from":[1.9513655,2.9991684,13.148247],"to":[9.951365,12.999168,15.148247],"faces":{"east":{"uv":[8.0,8.25,7.875,8.875],"tintindex":0,"rotation":0,"texture":"#0"},"south":{"uv":[6.75,1.375,6.25,2.0],"tintindex":0,"rotation":0,"texture":"#0"},"north":{"uv":[2.0625,6.25,1.5625,6.875],"tintindex":0,"rotation":0,"texture":"#0"},"west":{"uv":[8.1875,8.5625,8.0625,9.1875],"tintindex":0,"rotation":0,"texture":"#0"},"up":{"uv":[9.3125,3.3125,8.8125,3.4375],"tintindex":0,"rotation":0,"texture":"#0"},"down":{"uv":[9.3125,3.625,8.8125,3.5],"tintindex":0,"rotation":0,"texture":"#0"}},"rotation":{"origin":[5.9513655,7.9991684,14.148247],"angle":22.5,"axis":"z"}},{"from":[-10.70005,2.7542763,8.148248],"to":[-0.7000513,12.754276,8.148248],"faces":{"south":{"uv":[6.0,0.0,5.375,0.625],"tintindex":0,"rotation":0,"texture":"#0"},"north":{"uv":[5.375,0.0,6.0,0.625],"tintindex":0,"rotation":0,"texture":"#0"}},"rotation":{"origin":[-5.7000513,7.7542763,8.148248],"angle":45.0,"axis":"z"}},{"from":[3.5379477,15.412514,13.123674],"to":[5.5379477,21.412514,15.123674],"faces":{"east":{"uv":[6.4375,9.125,6.3125,9.5],"tintindex":0,"rotation":0,"texture":"#0"},"south":{"uv":[6.25,9.125,6.125,9.5],"tintindex":0,"rotation":0,"texture":"#0"},"north":{"uv":[8.75,9.125,8.625,9.5],"tintindex":0,"rotation":0,"texture":"#0"},"west":{"uv":[8.9375,9.125,8.8125,9.5],"tintindex":0,"rotation":0,"texture":"#0"},"up":{"uv":[6.375,9.5625,6.25,9.6875],"tintindex":0,"rotation":0,"texture":"#0"},"down":{"uv":[9.6875,6.375,9.5625,6.25],"tintindex":0,"rotation":0,"texture":"#0"}},"rotation":{"origin":[4.5379477,18.412514,14.123674],"angle":-22.5,"axis":"x"}},{"from":[-3.0421839,-3.2589493,4.6482477],"to":[3.9578161,6.7410507,11.648248],"faces":{"east":{"uv":[7.0,3.4375,7.4375,4.0625],"tintindex":0,"rotation":0,"texture":"#0"},"south":{"uv":[2.125,7.0625,2.5625,7.6875],"tintindex":0,"rotation":0,"texture":"#0"},"north":{"uv":[5.0,6.9375,5.4375,7.5625],"tintindex":0,"rotation":0,"texture":"#0"},"west":{"uv":[2.625,7.0625,3.0625,7.6875],"tintindex":0,"rotation":0,"texture":"#0"},"up":{"uv":[8.1875,0.9375,7.75,0.5],"tintindex":0,"rotation":0,"texture":"#0"},"down":{"uv":[8.1875,1.0,7.75,1.4375],"tintindex":0,"rotation":0,"texture":"#0"}},"rotation":{"origin":[0.45781612,1.7410507,8.148248],"angle":-45.0,"axis":"z"}},{"from":[3.0379477,10.446774,13.261902],"to":[6.0379477,16.446777,16.261902],"faces":{"east":{"uv":[8.9375,8.25,8.75,8.625],"tintindex":0,"rotation":0,"texture":"#0"},"south":{"uv":[8.9375,4.0625,8.75,4.4375],"tintindex":0,"rotation":0,"texture":"#0"},"north":{"uv":[8.9375,8.6875,8.75,9.0625],"tintindex":0,"rotation":0,"texture":"#0"},"west":{"uv":[9.0,2.4375,8.8125,2.8125],"tintindex":0,"rotation":0,"texture":"#0"},"up":{"uv":[6.0625,1.375,5.875,1.5625],"tintindex":0,"rotation":0,"texture":"#0"},"down":{"uv":[9.4375,4.25,9.25,4.0625],"tintindex":0,"rotation":0,"texture":"#0"}},"rotation":{"origin":[4.5379477,13.446774,14.761902],"angle":22.5,"axis":"x"}},{"from":[3.0379477,10.446774,0.03459406],"to":[6.0379477,16.446777,3.034594],"faces":{"east":{"uv":[8.75,8.25,8.9375,8.625],"tintindex":0,"rotation":0,"texture":"#0"},"south":{"uv":[8.75,8.6875,8.9375,9.0625],"tintindex":0,"rotation":0,"texture":"#0"},"north":{"uv":[8.75,4.0625,8.9375,4.4375],"tintindex":0,"rotation":0,"texture":"#0"},"west":{"uv":[8.8125,2.4375,9.0,2.8125],"tintindex":0,"rotation":0,"texture":"#0"},"up":{"uv":[6.0625,1.5625,5.875,1.375],"tintindex":0,"rotation":0,"texture":"#0"},"down":{"uv":[9.4375,4.0625,9.25,4.25],"tintindex":0,"rotation":0,"texture":"#0"}},"rotation":{"origin":[4.5379477,13.446774,1.534594],"angle":-22.5,"axis":"x"}},{"from":[3.5379477,15.412514,1.172821],"to":[5.5379477,21.412514,3.172821],"faces":{"east":{"uv":[6.3125,9.125,6.4375,9.5],"tintindex":0,"rotation":0,"texture":"#0"},"south":{"uv":[8.625,9.125,8.75,9.5],"tintindex":0,"rotation":0,"texture":"#0"},"north":{"uv":[6.125,9.125,6.25,9.5],"tintindex":0,"rotation":0,"texture":"#0"},"west":{"uv":[8.8125,9.125,8.9375,9.5],"tintindex":0,"rotation":0,"texture":"#0"},"up":{"uv":[6.375,9.6875,6.25,9.5625],"tintindex":0,"rotation":0,"texture":"#0"},"down":{"uv":[9.6875,6.25,9.5625,6.375],"tintindex":0,"rotation":0,"texture":"#0"}},"rotation":{"origin":[4.5379477,18.412514,2.172821],"angle":22.5,"axis":"x"}},{"from":[0.52435017,3.1185799,4.1482477],"to":[7.52435,9.11858,12.148247],"faces":{"east":{"uv":[3.0625,7.875,3.5625,8.25],"tintindex":0,"rotation":0,"texture":"#0"},"south":{"uv":[7.9375,5.4375,8.375,5.8125],"tintindex":0,"rotation":0,"texture":"#0"},"north":{"uv":[7.0625,7.8125,7.5,8.1875],"tintindex":0,"rotation":0,"texture":"#0"},"west":{"uv":[3.625,7.875,4.125,8.25],"tintindex":0,"rotation":0,"texture":"#0"},"up":{"uv":[2.9375,5.1875,2.5,4.6875],"tintindex":0,"rotation":0,"texture":"#0"},"down":{"uv":[7.875,5.625,7.4375,6.125],"tintindex":0,"rotation":0,"texture":"#0"}},"rotation":{"origin":[4.02435,6.11858,8.148248],"angle":22.5,"axis":"z"}},{"from":[0.42063236,10.694687,3.1482477],"to":[8.420631,12.694687,13.148247],"faces":{"east":{"uv":[5.25,3.625,5.875,3.75],"tintindex":0,"rotation":0,"texture":"#0"},"south":{"uv":[8.8125,6.375,9.3125,6.5],"tintindex":0,"rotation":0,"texture":"#0"},"north":{"uv":[8.8125,6.1875,9.3125,6.3125],"tintindex":0,"rotation":0,"texture":"#0"},"west":{"uv":[5.5625,2.3125,6.1875,2.4375],"tintindex":0,"rotation":0,"texture":"#0"},"up":{"uv":[6.6875,7.0625,6.1875,6.4375],"tintindex":0,"rotation":0,"texture":"#0"},"down":{"uv":[7.0625,0.5,6.5625,1.125],"tintindex":0,"rotation":0,"texture":"#0"}},"rotation":{"origin":[4.4206314,11.694687,8.148248],"angle":22.5,"axis":"z"}}],"display":{"gui":{"rotation":[30,225,0]}}}