{"textures":{"0":"modelengine:entity/spirit_guardian"},"elements":[{"from":[7.6654263,-10.045029,4.8691177],"to":[10.665426,-8.045029,6.8691177],"faces":{"east":{"uv":[5.625,9.5,5.5,9.625],"tintindex":0,"rotation":270,"texture":"#0"},"south":{"uv":[9.375,8.4375,9.5,8.625],"tintindex":0,"rotation":270,"texture":"#0"},"north":{"uv":[9.375,6.125,9.5,6.3125],"tintindex":0,"rotation":90,"texture":"#0"},"west":{"uv":[5.4375,9.625,5.3125,9.5],"tintindex":0,"rotation":270,"texture":"#0"},"up":{"uv":[7.6875,9.375,7.8125,9.5625],"tintindex":0,"rotation":270,"texture":"#0"},"down":{"uv":[9.375,8.6875,9.5,8.875],"tintindex":0,"rotation":270,"texture":"#0"}},"rotation":{"origin":[10.415426,-8.045029,5.794118],"angle":-22.5,"axis":"z"}},{"from":[-0.088235855,0.20706177,-1.7058821],"to":[1.9117641,6.207062,18.294117],"faces":{"east":{"uv":[5.25,2.5,6.5,2.875],"tintindex":0,"rotation":0,"texture":"#0"},"south":{"uv":[0.0,9.0625,0.125,9.4375],"tintindex":0,"rotation":0,"texture":"#0"},"north":{"uv":[0.0,9.0625,0.125,9.4375],"tintindex":0,"rotation":0,"texture":"#0"},"west":{"uv":[5.25,2.5,6.5,2.875],"tintindex":0,"rotation":0,"texture":"#0"},"up":{"uv":[0.875,9.375,0.75,8.125],"tintindex":0,"rotation":0,"texture":"#0"},"down":{"uv":[1.0625,8.125,0.9375,9.375],"tintindex":0,"rotation":0,"texture":"#0"}}},{"from":[6.283085,-8.310707,4.794118],"to":[8.283085,-5.310707,6.794118],"faces":{"east":{"uv":[6.875,8.3125,7.0,8.5],"tintindex":0,"rotation":0,"texture":"#0"},"south":{"uv":[9.25,8.1875,9.375,8.375],"tintindex":0,"rotation":0,"texture":"#0"},"north":{"uv":[4.375,6.625,4.5,6.8125],"tintindex":0,"rotation":0,"texture":"#0"},"west":{"uv":[1.125,9.3125,1.25,9.5],"tintindex":0,"rotation":0,"texture":"#0"},"up":{"uv":[6.8125,3.5625,6.6875,3.4375],"tintindex":0,"rotation":0,"texture":"#0"},"down":{"uv":[6.9375,1.875,6.8125,2.0],"tintindex":0,"rotation":0,"texture":"#0"}},"rotation":{"origin":[6.533085,-8.060707,8.294118],"angle":45.0,"axis":"z"}},{"from":[6.283085,-10.310707,7.294118],"to":[9.283085,-8.310707,9.294118],"faces":{"east":{"uv":[4.9375,9.625,5.0625,9.5],"tintindex":0,"rotation":90,"texture":"#0"},"south":{"uv":[9.5,4.3125,9.375,4.5],"tintindex":0,"rotation":90,"texture":"#0"},"north":{"uv":[9.5,1.375,9.375,1.5625],"tintindex":0,"rotation":270,"texture":"#0"},"west":{"uv":[5.125,9.5,5.25,9.625],"tintindex":0,"rotation":90,"texture":"#0"},"up":{"uv":[9.5,3.25,9.375,3.4375],"tintindex":0,"rotation":90,"texture":"#0"},"down":{"uv":[9.5,5.3125,9.375,5.5],"tintindex":0,"rotation":90,"texture":"#0"}},"rotation":{"origin":[6.533085,-8.060707,8.294118],"angle":45.0,"axis":"z"}},{"from":[6.283085,-8.310707,9.794118],"to":[8.283085,-5.310707,11.794118],"faces":{"east":{"uv":[6.875,8.3125,7.0,8.5],"tintindex":0,"rotation":0,"texture":"#0"},"south":{"uv":[9.25,8.1875,9.375,8.375],"tintindex":0,"rotation":0,"texture":"#0"},"north":{"uv":[4.375,6.625,4.5,6.8125],"tintindex":0,"rotation":0,"texture":"#0"},"west":{"uv":[1.125,9.3125,1.25,9.5],"tintindex":0,"rotation":0,"texture":"#0"},"up":{"uv":[6.8125,3.5625,6.6875,3.4375],"tintindex":0,"rotation":0,"texture":"#0"},"down":{"uv":[6.9375,1.875,6.8125,2.0],"tintindex":0,"rotation":0,"texture":"#0"}},"rotation":{"origin":[6.533085,-8.060707,8.294118],"angle":45.0,"axis":"z"}},{"from":[1.9117641,-0.29293823,2.294118],"to":[6.911764,6.707062,14.294118],"faces":{"east":{"uv":[6.0,4.6875,6.75,5.125],"tintindex":0,"rotation":0,"texture":"#0"},"south":{"uv":[0.375,8.1875,0.6875,8.625],"tintindex":0,"rotation":0,"texture":"#0"},"north":{"uv":[8.1875,0.0,8.5,0.4375],"tintindex":0,"rotation":0,"texture":"#0"},"west":{"uv":[6.0625,0.0,6.8125,0.4375],"tintindex":0,"rotation":0,"texture":"#0"},"up":{"uv":[0.6875,8.125,0.375,7.375],"tintindex":0,"rotation":0,"texture":"#0"},"down":{"uv":[7.6875,0.6875,7.375,1.4375],"tintindex":0,"rotation":0,"texture":"#0"}}},{"from":[-1.0882359,6.207062,-4.705882],"to":[2.9117641,12.207062,21.294117],"faces":{"east":{"uv":[3.875,1.625,5.5,2.0],"tintindex":0,"rotation":0,"texture":"#0"},"south":{"uv":[6.5,2.0625,6.25,2.4375],"tintindex":0,"rotation":0,"texture":"#0"},"north":{"uv":[6.25,2.0625,6.5,2.4375],"tintindex":0,"rotation":0,"texture":"#0"},"west":{"uv":[3.875,2.0625,5.5,2.4375],"tintindex":0,"rotation":0,"texture":"#0"},"up":{"uv":[4.8125,6.875,4.5625,5.25],"tintindex":0,"rotation":0,"texture":"#0"},"down":{"uv":[4.5625,6.875,4.8125,5.25],"tintindex":0,"rotation":0,"texture":"#0"}}},{"from":[4.411764,-6.292938,4.794118],"to":[11.411764,-1.2929382,11.794118],"faces":{"east":{"uv":[8.5625,7.375,8.125,7.6875],"tintindex":0,"rotation":0,"texture":"#0"},"south":{"uv":[8.5625,4.75,8.125,5.0625],"tintindex":0,"rotation":0,"texture":"#0"},"north":{"uv":[8.125,4.75,8.5625,5.0625],"tintindex":0,"rotation":0,"texture":"#0"},"west":{"uv":[8.125,7.375,8.5625,7.6875],"tintindex":0,"rotation":0,"texture":"#0"},"up":{"uv":[2.5,8.1875,2.0625,7.75],"tintindex":0,"rotation":0,"texture":"#0"},"down":{"uv":[3.0,7.75,2.5625,8.1875],"tintindex":0,"rotation":0,"texture":"#0"}}},{"from":[6.283085,-10.310707,9.794118],"to":[9.283085,-8.310707,11.794118],"faces":{"east":{"uv":[4.9375,9.625,5.0625,9.5],"tintindex":0,"rotation":90,"texture":"#0"},"south":{"uv":[9.5,4.3125,9.375,4.5],"tintindex":0,"rotation":90,"texture":"#0"},"north":{"uv":[9.5,1.375,9.375,1.5625],"tintindex":0,"rotation":270,"texture":"#0"},"west":{"uv":[5.125,9.5,5.25,9.625],"tintindex":0,"rotation":90,"texture":"#0"},"up":{"uv":[9.5,3.25,9.375,3.4375],"tintindex":0,"rotation":90,"texture":"#0"},"down":{"uv":[9.5,5.3125,9.375,5.5],"tintindex":0,"rotation":90,"texture":"#0"}},"rotation":{"origin":[6.533085,-8.060707,8.294118],"angle":45.0,"axis":"z"}},{"from":[8.665426,-8.045029,4.8691177],"to":[10.665426,-6.0450287,6.8691177],"faces":{"east":{"uv":[9.375,4.5625,9.5,4.6875],"tintindex":0,"rotation":0,"texture":"#0"},"south":{"uv":[9.375,6.375,9.5,6.5],"tintindex":0,"rotation":0,"texture":"#0"},"north":{"uv":[9.0,0.9375,9.125,1.0625],"tintindex":0,"rotation":0,"texture":"#0"},"west":{"uv":[9.4375,1.1875,9.5625,1.3125],"tintindex":0,"rotation":0,"texture":"#0"},"up":{"uv":[9.5625,3.1875,9.4375,3.0625],"tintindex":0,"rotation":0,"texture":"#0"},"down":{"uv":[9.625,2.125,9.5,2.25],"tintindex":0,"rotation":0,"texture":"#0"}},"rotation":{"origin":[10.415426,-8.045029,5.794118],"angle":-22.5,"axis":"z"}},{"from":[2.9117641,-2.2929382,3.294118],"to":[12.911764,-0.29293823,13.294118],"faces":{"east":{"uv":[8.625,2.0625,9.25,2.1875],"tintindex":0,"rotation":0,"texture":"#0"},"south":{"uv":[8.625,2.25,9.25,2.375],"tintindex":0,"rotation":0,"texture":"#0"},"north":{"uv":[8.625,1.875,9.25,2.0],"tintindex":0,"rotation":0,"texture":"#0"},"west":{"uv":[8.625,4.75,9.25,4.875],"tintindex":0,"rotation":0,"texture":"#0"},"up":{"uv":[6.125,5.875,5.5,5.25],"tintindex":0,"rotation":0,"texture":"#0"},"down":{"uv":[1.625,5.5625,1.0,6.1875],"tintindex":0,"rotation":0,"texture":"#0"}}},{"from":[-1.0882359,-5.812958,-4.705882],"to":[2.9117641,0.18704224,21.294117],"faces":{"east":{"uv":[3.875,2.0,5.5,1.625],"tintindex":0,"rotation":0,"texture":"#0"},"south":{"uv":[6.5,2.4375,6.25,2.0625],"tintindex":0,"rotation":0,"texture":"#0"},"north":{"uv":[6.25,2.4375,6.5,2.0625],"tintindex":0,"rotation":0,"texture":"#0"},"west":{"uv":[5.5,2.4375,3.875,2.0625],"tintindex":0,"rotation":0,"texture":"#0"},"up":{"uv":[4.5625,5.25,4.8125,6.875],"tintindex":0,"rotation":0,"texture":"#0"},"down":{"uv":[4.8125,5.25,4.5625,6.875],"tintindex":0,"rotation":0,"texture":"#0"}}},{"from":[6.283085,-10.310707,4.794118],"to":[9.283085,-8.310707,6.794118],"faces":{"east":{"uv":[4.9375,9.625,5.0625,9.5],"tintindex":0,"rotation":90,"texture":"#0"},"south":{"uv":[9.5,4.3125,9.375,4.5],"tintindex":0,"rotation":90,"texture":"#0"},"north":{"uv":[9.5,1.375,9.375,1.5625],"tintindex":0,"rotation":270,"texture":"#0"},"west":{"uv":[5.125,9.5,5.25,9.625],"tintindex":0,"rotation":90,"texture":"#0"},"up":{"uv":[9.5,3.25,9.375,3.4375],"tintindex":0,"rotation":90,"texture":"#0"},"down":{"uv":[9.5,5.3125,9.375,5.5],"tintindex":0,"rotation":90,"texture":"#0"}},"rotation":{"origin":[6.533085,-8.060707,8.294118],"angle":45.0,"axis":"z"}},{"from":[6.283085,-8.310707,7.294118],"to":[8.283085,-5.310707,9.294118],"faces":{"east":{"uv":[6.875,8.3125,7.0,8.5],"tintindex":0,"rotation":0,"texture":"#0"},"south":{"uv":[9.25,8.1875,9.375,8.375],"tintindex":0,"rotation":0,"texture":"#0"},"north":{"uv":[4.375,6.625,4.5,6.8125],"tintindex":0,"rotation":0,"texture":"#0"},"west":{"uv":[1.125,9.3125,1.25,9.5],"tintindex":0,"rotation":0,"texture":"#0"},"up":{"uv":[6.8125,3.5625,6.6875,3.4375],"tintindex":0,"rotation":0,"texture":"#0"},"down":{"uv":[6.9375,1.875,6.8125,2.0],"tintindex":0,"rotation":0,"texture":"#0"}},"rotation":{"origin":[6.533085,-8.060707,8.294118],"angle":45.0,"axis":"z"}},{"from":[2.9117641,6.707062,3.294118],"to":[12.911764,8.707062,13.294118],"faces":{"east":{"uv":[8.625,6.5625,9.25,6.6875],"tintindex":0,"rotation":0,"texture":"#0"},"south":{"uv":[8.625,6.75,9.25,6.875],"tintindex":0,"rotation":0,"texture":"#0"},"north":{"uv":[8.625,4.9375,9.25,5.0625],"tintindex":0,"rotation":0,"texture":"#0"},"west":{"uv":[8.625,6.9375,9.25,7.0625],"tintindex":0,"rotation":0,"texture":"#0"},"up":{"uv":[6.1875,2.25,5.5625,1.625],"tintindex":0,"rotation":0,"texture":"#0"},"down":{"uv":[2.3125,5.5625,1.6875,6.1875],"tintindex":0,"rotation":0,"texture":"#0"}}},{"from":[6.911764,1.7070618,3.294118],"to":[12.911764,4.707062,13.294118],"faces":{"east":{"uv":[3.5,8.3125,4.125,8.5],"tintindex":0,"rotation":0,"texture":"#0"},"south":{"uv":[6.8125,6.1875,7.1875,6.375],"tintindex":0,"rotation":0,"texture":"#0"},"north":{"uv":[3.25,6.375,3.625,6.5625],"tintindex":0,"rotation":0,"texture":"#0"},"west":{"uv":[4.1875,8.3125,4.8125,8.5],"tintindex":0,"rotation":0,"texture":"#0"},"up":{"uv":[1.125,8.0625,0.75,7.4375],"tintindex":0,"rotation":0,"texture":"#0"},"down":{"uv":[1.5625,7.5,1.1875,8.125],"tintindex":0,"rotation":0,"texture":"#0"}}},{"from":[3.9117641,-0.29293823,4.294118],"to":[11.911764,6.707062,12.294118],"faces":{"east":{"uv":[7.5625,3.9375,8.0625,4.375],"tintindex":0,"rotation":0,"texture":"#0"},"south":{"uv":[7.5625,4.4375,8.0625,4.875],"tintindex":0,"rotation":0,"texture":"#0"},"north":{"uv":[7.0,4.125,7.5,4.5625],"tintindex":0,"rotation":0,"texture":"#0"},"west":{"uv":[7.5625,4.9375,8.0625,5.375],"tintindex":0,"rotation":0,"texture":"#0"},"up":{"uv":[3.625,7.8125,3.125,7.3125],"tintindex":0,"rotation":0,"texture":"#0"},"down":{"uv":[4.1875,7.3125,3.6875,7.8125],"tintindex":0,"rotation":0,"texture":"#0"}}}],"display":{"gui":{"rotation":[30,225,0]}}}