{"textures":{"0":"modelengine:entity/spirit_guardian"},"elements":[{"from":[2.565713,6.8126335,7.25],"to":[12.565714,8.8126335,17.25],"faces":{"east":{"uv":[9.25,6.9375,8.625,7.0625],"tintindex":0,"rotation":0,"texture":"#0"},"south":{"uv":[8.625,4.9375,9.25,5.0625],"tintindex":0,"rotation":0,"texture":"#0"},"north":{"uv":[9.25,4.9375,8.625,5.0625],"tintindex":0,"rotation":0,"texture":"#0"},"west":{"uv":[9.25,6.9375,8.625,7.0625],"tintindex":0,"rotation":0,"texture":"#0"},"up":{"uv":[5.5625,2.25,6.1875,1.625],"tintindex":0,"rotation":0,"texture":"#0"},"down":{"uv":[1.6875,5.5625,2.3125,6.1875],"tintindex":0,"rotation":0,"texture":"#0"}}},{"from":[3.565714,-0.18736649,8.25],"to":[11.565714,6.8126335,16.25],"faces":{"east":{"uv":[8.0625,4.9375,7.5625,5.375],"tintindex":0,"rotation":0,"texture":"#0"},"south":{"uv":[8.0625,4.4375,7.5625,4.875],"tintindex":0,"rotation":0,"texture":"#0"},"north":{"uv":[7.5,4.125,7.0,4.5625],"tintindex":0,"rotation":0,"texture":"#0"},"west":{"uv":[8.0625,3.9375,7.5625,4.375],"tintindex":0,"rotation":0,"texture":"#0"},"up":{"uv":[3.125,7.8125,3.625,7.3125],"tintindex":0,"rotation":0,"texture":"#0"},"down":{"uv":[3.6875,7.3125,4.1875,7.8125],"tintindex":0,"rotation":0,"texture":"#0"}}},{"from":[2.565713,1.8126335,7.25],"to":[8.565714,4.8126335,17.25],"faces":{"east":{"uv":[4.8125,8.3125,4.1875,8.5],"tintindex":0,"rotation":0,"texture":"#0"},"south":{"uv":[3.25,6.375,3.625,6.5625],"tintindex":0,"rotation":0,"texture":"#0"},"north":{"uv":[3.625,6.375,3.25,6.5625],"tintindex":0,"rotation":0,"texture":"#0"},"west":{"uv":[4.125,8.3125,3.5,8.5],"tintindex":0,"rotation":0,"texture":"#0"},"up":{"uv":[0.75,8.0625,1.125,7.4375],"tintindex":0,"rotation":0,"texture":"#0"},"down":{"uv":[1.1875,7.5,1.5625,8.125],"tintindex":0,"rotation":0,"texture":"#0"}}},{"from":[8.565714,-0.18736649,6.25],"to":[13.565714,6.8126335,18.25],"faces":{"east":{"uv":[6.8125,0.0,6.0625,0.4375],"tintindex":0,"rotation":0,"texture":"#0"},"south":{"uv":[0.6875,8.1875,0.375,8.625],"tintindex":0,"rotation":0,"texture":"#0"},"north":{"uv":[8.5,0.0,8.1875,0.4375],"tintindex":0,"rotation":0,"texture":"#0"},"west":{"uv":[6.75,4.6875,6.0,5.125],"tintindex":0,"rotation":0,"texture":"#0"},"up":{"uv":[0.375,8.125,0.6875,7.375],"tintindex":0,"rotation":0,"texture":"#0"},"down":{"uv":[7.375,0.6875,7.6875,1.4375],"tintindex":0,"rotation":0,"texture":"#0"}}},{"from":[2.565713,-2.1873665,7.25],"to":[12.565714,-0.18736649,17.25],"faces":{"east":{"uv":[9.25,4.75,8.625,4.875],"tintindex":0,"rotation":0,"texture":"#0"},"south":{"uv":[8.625,1.875,9.25,2.0],"tintindex":0,"rotation":0,"texture":"#0"},"north":{"uv":[9.25,1.875,8.625,2.0],"tintindex":0,"rotation":0,"texture":"#0"},"west":{"uv":[8.625,4.75,9.25,4.875],"tintindex":0,"rotation":0,"texture":"#0"},"up":{"uv":[5.5,5.875,6.125,5.25],"tintindex":0,"rotation":0,"texture":"#0"},"down":{"uv":[1.0,5.5625,1.625,6.1875],"tintindex":0,"rotation":0,"texture":"#0"}}}],"display":{"gui":{"rotation":[30,225,0]}}}