{"textures":{"0":"modelengine:entity/spirit_guardian"},"elements":[{"from":[6.676791,5.8728623,6.7894735],"to":[7.343458,6.539529,7.45614],"faces":{"east":{"uv":[9.5625,1.1875,9.4375,1.3125],"tintindex":0,"rotation":0,"texture":"#0"},"south":{"uv":[9.5,6.375,9.375,6.5],"tintindex":0,"rotation":0,"texture":"#0"},"north":{"uv":[9.125,0.9375,9.0,1.0625],"tintindex":0,"rotation":0,"texture":"#0"},"west":{"uv":[9.5,4.5625,9.375,4.6875],"tintindex":0,"rotation":0,"texture":"#0"},"up":{"uv":[9.4375,3.1875,9.5625,3.0625],"tintindex":0,"rotation":0,"texture":"#0"},"down":{"uv":[9.5,2.125,9.625,2.25],"tintindex":0,"rotation":0,"texture":"#0"}}},{"from":[6.676791,6.539529,6.7894735],"to":[9.010125,8.206196,9.122807],"faces":{"east":{"uv":[8.5625,7.375,8.125,7.6875],"tintindex":0,"rotation":0,"texture":"#0"},"south":{"uv":[8.125,4.75,8.5625,5.0625],"tintindex":0,"rotation":0,"texture":"#0"},"north":{"uv":[8.5625,4.75,8.125,5.0625],"tintindex":0,"rotation":0,"texture":"#0"},"west":{"uv":[8.125,7.375,8.5625,7.6875],"tintindex":0,"rotation":0,"texture":"#0"},"up":{"uv":[2.0625,8.1875,2.5,7.75],"tintindex":0,"rotation":0,"texture":"#0"},"down":{"uv":[2.5625,7.75,3.0,8.1875],"tintindex":0,"rotation":0,"texture":"#0"}}},{"from":[7.5101247,6.539529,10.122807],"to":[8.176791,6.8728623,11.122807],"faces":{"east":{"uv":[4.0,4.5625,4.1875,4.625],"tintindex":0,"rotation":0,"texture":"#0"},"south":{"uv":[8.75,0.75,8.875,0.8125],"tintindex":0,"rotation":0,"texture":"#0"},"north":{"uv":[8.5625,3.6875,8.6875,3.75],"tintindex":0,"rotation":0,"texture":"#0"},"west":{"uv":[4.25,4.5625,4.4375,4.625],"tintindex":0,"rotation":0,"texture":"#0"},"up":{"uv":[9.625,2.0625,9.5,1.875],"tintindex":0,"rotation":0,"texture":"#0"},"down":{"uv":[2.1875,9.5,2.0625,9.6875],"tintindex":0,"rotation":0,"texture":"#0"}}},{"from":[8.343458,5.539529,7.622807],"to":[9.010125,6.539529,8.289474],"faces":{"east":{"uv":[1.25,9.3125,1.125,9.5],"tintindex":0,"rotation":0,"texture":"#0"},"south":{"uv":[9.375,8.1875,9.25,8.375],"tintindex":0,"rotation":0,"texture":"#0"},"north":{"uv":[4.5,6.625,4.375,6.8125],"tintindex":0,"rotation":0,"texture":"#0"},"west":{"uv":[7.0,8.3125,6.875,8.5],"tintindex":0,"rotation":0,"texture":"#0"},"up":{"uv":[6.6875,3.5625,6.8125,3.4375],"tintindex":0,"rotation":0,"texture":"#0"},"down":{"uv":[6.8125,1.875,6.9375,2.0],"tintindex":0,"rotation":0,"texture":"#0"}}},{"from":[8.343458,5.539529,8.4561405],"to":[9.010125,6.539529,9.122807],"faces":{"east":{"uv":[1.25,9.3125,1.125,9.5],"tintindex":0,"rotation":0,"texture":"#0"},"south":{"uv":[9.375,8.1875,9.25,8.375],"tintindex":0,"rotation":0,"texture":"#0"},"north":{"uv":[4.5,6.625,4.375,6.8125],"tintindex":0,"rotation":0,"texture":"#0"},"west":{"uv":[7.0,8.3125,6.875,8.5],"tintindex":0,"rotation":0,"texture":"#0"},"up":{"uv":[6.6875,3.5625,6.8125,3.4375],"tintindex":0,"rotation":0,"texture":"#0"},"down":{"uv":[6.8125,1.875,6.9375,2.0],"tintindex":0,"rotation":0,"texture":"#0"}}},{"from":[7.5101247,5.206195,11.122807],"to":[8.176791,6.8728623,11.4561405],"faces":{"east":{"uv":[8.4375,8.5625,8.5,8.875],"tintindex":0,"rotation":0,"texture":"#0"},"south":{"uv":[4.0,9.25,4.125,9.5625],"tintindex":0,"rotation":0,"texture":"#0"},"north":{"uv":[3.8125,9.25,3.9375,9.5625],"tintindex":0,"rotation":0,"texture":"#0"},"west":{"uv":[7.0,9.3125,7.0625,9.625],"tintindex":0,"rotation":0,"texture":"#0"},"up":{"uv":[9.4375,7.625,9.3125,7.5625],"tintindex":0,"rotation":0,"texture":"#0"},"down":{"uv":[9.625,0.25,9.5,0.3125],"tintindex":0,"rotation":0,"texture":"#0"}}},{"from":[7.343458,4.5395284,5.1228065],"to":[8.343458,7.5395293,6.1228065],"faces":{"east":{"uv":[2.375,8.5625,2.5625,9.125],"tintindex":0,"rotation":0,"texture":"#0"},"south":{"uv":[2.625,8.5625,2.8125,9.125],"tintindex":0,"rotation":0,"texture":"#0"},"north":{"uv":[7.625,8.25,7.8125,8.8125],"tintindex":0,"rotation":0,"texture":"#0"},"west":{"uv":[8.5625,3.0625,8.75,3.625],"tintindex":0,"rotation":0,"texture":"#0"},"up":{"uv":[9.4375,8.125,9.25,7.9375],"tintindex":0,"rotation":0,"texture":"#0"},"down":{"uv":[8.25,9.25,8.0625,9.4375],"tintindex":0,"rotation":0,"texture":"#0"}}},{"from":[6.900023,4.9172654,6.7894735],"to":[7.56669,5.9172654,7.45614],"faces":{"east":{"uv":[9.5,8.6875,9.375,8.875],"tintindex":0,"rotation":0,"texture":"#0"},"south":{"uv":[9.5,8.4375,9.375,8.625],"tintindex":0,"rotation":0,"texture":"#0"},"north":{"uv":[9.5,6.125,9.375,6.3125],"tintindex":0,"rotation":0,"texture":"#0"},"west":{"uv":[7.8125,9.375,7.6875,9.5625],"tintindex":0,"rotation":0,"texture":"#0"},"up":{"uv":[5.3125,9.625,5.4375,9.5],"tintindex":0,"rotation":0,"texture":"#0"},"down":{"uv":[5.5,9.5,5.625,9.625],"tintindex":0,"rotation":0,"texture":"#0"}},"rotation":{"origin":[6.900023,5.333932,6.95614],"angle":22.5,"axis":"z"}},{"from":[8.343458,5.539529,6.7894735],"to":[9.010125,6.539529,7.45614],"faces":{"east":{"uv":[1.25,9.3125,1.125,9.5],"tintindex":0,"rotation":0,"texture":"#0"},"south":{"uv":[9.375,8.1875,9.25,8.375],"tintindex":0,"rotation":0,"texture":"#0"},"north":{"uv":[4.5,6.625,4.375,6.8125],"tintindex":0,"rotation":0,"texture":"#0"},"west":{"uv":[7.0,8.3125,6.875,8.5],"tintindex":0,"rotation":0,"texture":"#0"},"up":{"uv":[6.6875,3.5625,6.8125,3.4375],"tintindex":0,"rotation":0,"texture":"#0"},"down":{"uv":[6.8125,1.875,6.9375,2.0],"tintindex":0,"rotation":0,"texture":"#0"}}},{"from":[8.010125,4.872862,7.622807],"to":[9.010125,5.539529,8.289474],"faces":{"east":{"uv":[5.125,9.5,5.25,9.625],"tintindex":0,"rotation":270,"texture":"#0"},"south":{"uv":[9.5,4.3125,9.375,4.5],"tintindex":0,"rotation":270,"texture":"#0"},"north":{"uv":[9.5,1.375,9.375,1.5625],"tintindex":0,"rotation":90,"texture":"#0"},"west":{"uv":[4.9375,9.625,5.0625,9.5],"tintindex":0,"rotation":270,"texture":"#0"},"up":{"uv":[9.5,5.3125,9.375,5.5],"tintindex":0,"rotation":270,"texture":"#0"},"down":{"uv":[9.5,3.25,9.375,3.4375],"tintindex":0,"rotation":270,"texture":"#0"}}},{"from":[8.010125,4.872862,8.4561405],"to":[9.010125,5.539529,9.122807],"faces":{"east":{"uv":[5.125,9.5,5.25,9.625],"tintindex":0,"rotation":270,"texture":"#0"},"south":{"uv":[9.5,4.3125,9.375,4.5],"tintindex":0,"rotation":270,"texture":"#0"},"north":{"uv":[9.5,1.375,9.375,1.5625],"tintindex":0,"rotation":90,"texture":"#0"},"west":{"uv":[4.9375,9.625,5.0625,9.5],"tintindex":0,"rotation":270,"texture":"#0"},"up":{"uv":[9.5,5.3125,9.375,5.5],"tintindex":0,"rotation":270,"texture":"#0"},"down":{"uv":[9.5,3.25,9.375,3.4375],"tintindex":0,"rotation":270,"texture":"#0"}}},{"from":[8.010125,4.872862,6.7894735],"to":[9.010125,5.539529,7.45614],"faces":{"east":{"uv":[5.125,9.5,5.25,9.625],"tintindex":0,"rotation":270,"texture":"#0"},"south":{"uv":[9.5,4.3125,9.375,4.5],"tintindex":0,"rotation":270,"texture":"#0"},"north":{"uv":[9.5,1.375,9.375,1.5625],"tintindex":0,"rotation":90,"texture":"#0"},"west":{"uv":[4.9375,9.625,5.0625,9.5],"tintindex":0,"rotation":270,"texture":"#0"},"up":{"uv":[9.5,5.3125,9.375,5.5],"tintindex":0,"rotation":270,"texture":"#0"},"down":{"uv":[9.5,3.25,9.375,3.4375],"tintindex":0,"rotation":270,"texture":"#0"}}},{"from":[7.5101247,5.206195,10.122807],"to":[8.176791,5.539529,11.122807],"faces":{"east":{"uv":[2.125,6.25,2.3125,6.3125],"tintindex":0,"rotation":0,"texture":"#0"},"south":{"uv":[9.5625,0.8125,9.6875,0.875],"tintindex":0,"rotation":0,"texture":"#0"},"north":{"uv":[9.5,8.0625,9.625,8.125],"tintindex":0,"rotation":0,"texture":"#0"},"west":{"uv":[7.875,6.625,8.0625,6.6875],"tintindex":0,"rotation":0,"texture":"#0"},"up":{"uv":[9.625,4.1875,9.5,4.0],"tintindex":0,"rotation":0,"texture":"#0"},"down":{"uv":[4.3125,9.5,4.1875,9.6875],"tintindex":0,"rotation":0,"texture":"#0"}}},{"from":[7.843458,3.7061949,-8.543861],"to":[7.843458,8.372863,5.1228065],"faces":{"east":{"uv":[0.0,2.875,2.5625,3.75],"tintindex":0,"rotation":0,"texture":"#0"},"west":{"uv":[2.5625,2.875,0.0,3.75],"tintindex":0,"rotation":0,"texture":"#0"}}},{"from":[7.5101247,5.206195,9.789474],"to":[8.176791,6.8728623,10.122807],"faces":{"east":{"uv":[5.125,2.5,5.1875,2.8125],"tintindex":0,"rotation":0,"texture":"#0"},"south":{"uv":[9.25,2.875,9.375,3.1875],"tintindex":0,"rotation":0,"texture":"#0"},"north":{"uv":[9.1875,4.375,9.3125,4.6875],"tintindex":0,"rotation":0,"texture":"#0"},"west":{"uv":[6.0625,6.625,6.125,6.9375],"tintindex":0,"rotation":0,"texture":"#0"},"up":{"uv":[8.9375,8.1875,8.8125,8.125],"tintindex":0,"rotation":0,"texture":"#0"},"down":{"uv":[9.125,4.375,9.0,4.4375],"tintindex":0,"rotation":0,"texture":"#0"}}},{"from":[7.343458,5.539529,6.1228065],"to":[8.343458,6.539529,9.789474],"faces":{"east":{"uv":[8.125,5.125,8.8125,5.3125],"tintindex":0,"rotation":0,"texture":"#0"},"south":{"uv":[9.25,7.6875,9.4375,7.875],"tintindex":0,"rotation":0,"texture":"#0"},"north":{"uv":[5.6875,9.25,5.875,9.4375],"tintindex":0,"rotation":0,"texture":"#0"},"west":{"uv":[8.125,5.3125,8.8125,5.125],"tintindex":0,"rotation":0,"texture":"#0"},"up":{"uv":[2.0625,8.9375,1.875,8.25],"tintindex":0,"rotation":0,"texture":"#0"},"down":{"uv":[1.875,8.9375,2.0625,8.25],"tintindex":0,"rotation":0,"texture":"#0"}}},{"from":[7.6767917,5.0395284,-5.2105274],"to":[8.010125,7.0395293,5.1228065],"faces":{"east":{"uv":[3.875,0.75,5.8125,1.125],"tintindex":0,"rotation":0,"texture":"#0"},"south":{"uv":[9.0,8.875,9.125,9.25],"tintindex":0,"rotation":0,"texture":"#0"},"north":{"uv":[9.0,8.4375,9.125,8.8125],"tintindex":0,"rotation":0,"texture":"#0"},"west":{"uv":[5.8125,0.75,3.875,1.125],"tintindex":0,"rotation":0,"texture":"#0"},"up":{"uv":[0.125,9.0,0.0,7.0625],"tintindex":0,"rotation":0,"texture":"#0"},"down":{"uv":[0.3125,7.375,0.1875,9.3125],"tintindex":0,"rotation":0,"texture":"#0"}}}],"display":{"gui":{"rotation":[30,225,0]}}}