{"textures":{"0":"modelengine:entity/basilisk_wild"},"elements":[{"from":[3.0,8.333334,-4.833334],"to":[3.0,11.333334,8.166666],"faces":{"east":{"uv":[6.625,2.4375,7.4375,2.625],"tintindex":0,"rotation":0,"texture":"#0"},"west":{"uv":[7.4375,2.4375,6.625,2.625],"tintindex":0,"rotation":0,"texture":"#0"}}},{"from":[6.0,0.3333335,-3.833334],"to":[6.0,5.3333335,8.166666],"faces":{"east":{"uv":[5.625,0.0,6.375,0.3125],"tintindex":0,"rotation":0,"texture":"#0"},"west":{"uv":[6.375,0.0,5.625,0.3125],"tintindex":0,"rotation":0,"texture":"#0"}}},{"from":[3.0,5.3333335,-4.833334],"to":[13.0,8.333334,8.166666],"faces":{"east":{"uv":[6.4375,5.1875,7.25,5.375],"tintindex":0,"rotation":0,"texture":"#0"},"south":{"uv":[6.9375,3.0,7.5625,3.1875],"tintindex":0,"rotation":0,"texture":"#0"},"north":{"uv":[4.9375,2.0625,5.5625,2.25],"tintindex":0,"rotation":0,"texture":"#0"},"west":{"uv":[6.5,3.3125,7.3125,3.5],"tintindex":0,"rotation":0,"texture":"#0"},"up":{"uv":[2.125,4.125,1.5,3.3125],"tintindex":0,"rotation":0,"texture":"#0"},"down":{"uv":[2.8125,3.3125,2.1875,4.125],"tintindex":0,"rotation":0,"texture":"#0"}}},{"from":[13.0,8.333334,-4.833334],"to":[13.0,11.333334,8.166666],"faces":{"east":{"uv":[6.625,2.4375,7.4375,2.625],"tintindex":0,"rotation":0,"texture":"#0"},"west":{"uv":[7.4375,2.4375,6.625,2.625],"tintindex":0,"rotation":0,"texture":"#0"}}},{"from":[10.0,0.3333335,-3.833334],"to":[10.0,5.3333335,8.166666],"faces":{"east":{"uv":[5.625,0.0,6.375,0.3125],"tintindex":0,"rotation":0,"texture":"#0"},"west":{"uv":[6.375,0.0,5.625,0.3125],"tintindex":0,"rotation":0,"texture":"#0"}}},{"from":[3.0,8.333334,-4.833334],"to":[13.0,11.333334,-4.833334],"faces":{"south":{"uv":[7.75,4.6875,7.125,4.875],"tintindex":0,"rotation":0,"texture":"#0"},"north":{"uv":[7.125,4.6875,7.75,4.875],"tintindex":0,"rotation":0,"texture":"#0"}}}],"display":{"gui":{"rotation":[30,225,0]}}}