{"textures":{"0":"modelengine:entity/basilisk_wild"},"elements":[{"from":[6.3187447,-2.6761627,4.4280815],"to":[12.318745,7.3238363,11.4280815],"faces":{"east":{"uv":[5.5,5.125,5.0625,5.75],"tintindex":0,"rotation":0,"texture":"#0"},"south":{"uv":[1.3125,5.4375,0.9375,6.0625],"tintindex":0,"rotation":0,"texture":"#0"},"north":{"uv":[0.875,5.4375,0.5,6.0625],"tintindex":0,"rotation":0,"texture":"#0"},"west":{"uv":[5.5,4.4375,5.0625,5.0625],"tintindex":0,"rotation":0,"texture":"#0"},"up":{"uv":[2.5,6.9375,2.875,6.5],"tintindex":0,"rotation":0,"texture":"#0"},"down":{"uv":[6.5,2.8125,6.875,3.25],"tintindex":0,"rotation":0,"texture":"#0"}},"rotation":{"origin":[11.450528,10.702657,23.678082],"angle":-22.5,"axis":"z"}}],"display":{"gui":{"rotation":[30,225,0]}}}