{"textures":{"0":"modelengine:entity/raptor_undead"},"elements":[{"from":[3.5,1.0752449,0.5757437],"to":[12.5,10.075245,9.575743],"faces":{"east":{"uv":[4.625,0.0,5.75,1.125],"tintindex":0,"rotation":0,"texture":"#0"},"south":{"uv":[1.0,5.25,2.125,6.375],"tintindex":0,"rotation":0,"texture":"#0"},"north":{"uv":[4.5,4.125,5.625,5.25],"tintindex":0,"rotation":0,"texture":"#0"},"west":{"uv":[4.5,5.375,5.625,6.5],"tintindex":0,"rotation":0,"texture":"#0"},"up":{"uv":[6.875,2.375,5.75,1.25],"tintindex":0,"rotation":0,"texture":"#0"},"down":{"uv":[6.875,2.5,5.75,3.625],"tintindex":0,"rotation":0,"texture":"#0"}},"rotation":{"origin":[8.5,8.575245,15.575743],"angle":22.5,"axis":"x"}}],"display":{"gui":{"rotation":[30,225,0]}}}