{"textures":{"0":"modelengine:entity/raptor_undead"},"elements":[{"from":[4.5,6.25,1.1750011],"to":[11.5,8.25,8.175001],"faces":{"east":{"uv":[10.875,3.875,11.75,4.125],"tintindex":0,"rotation":0,"texture":"#0"},"south":{"uv":[10.875,4.25,11.75,4.5],"tintindex":0,"rotation":0,"texture":"#0"},"north":{"uv":[8.375,7.25,9.25,7.5],"tintindex":0,"rotation":0,"texture":"#0"},"west":{"uv":[10.875,4.625,11.75,4.875],"tintindex":0,"rotation":0,"texture":"#0"},"up":{"uv":[9.25,7.125,8.375,6.25],"tintindex":0,"rotation":0,"texture":"#0"},"down":{"uv":[7.75,8.375,6.875,9.25],"tintindex":0,"rotation":0,"texture":"#0"}}}],"display":{"gui":{"rotation":[30,225,0]}}}