{"textures":{"0":"modelengine:entity/raptor_undead"},"elements":[{"from":[5.8958335,0.1503458,7.2358065],"to":[10.895834,9.150346,14.235806],"faces":{"east":{"uv":[6.25,7.0,5.375,8.125],"tintindex":0,"rotation":0,"texture":"#0"},"south":{"uv":[9.625,2.0,9.0,3.125],"tintindex":0,"rotation":0,"texture":"#0"},"north":{"uv":[9.625,2.0,9.0,3.125],"tintindex":0,"rotation":0,"texture":"#0"},"west":{"uv":[6.25,7.0,5.375,8.125],"tintindex":0,"rotation":0,"texture":"#0"},"up":{"uv":[10.0,0.875,10.625,0.0],"tintindex":0,"rotation":0,"texture":"#0"},"down":{"uv":[10.0,0.875,10.625,0.0],"tintindex":0,"rotation":0,"texture":"#0"}},"rotation":{"origin":[8.395834,4.650346,9.485806],"angle":-45.0,"axis":"x"}}],"display":{"gui":{"rotation":[30,225,0]}}}