{"textures":{"0":"modelengine:entity/raptor_undead"},"elements":[{"from":[6.0,3.0526319,6.0305653],"to":[10.0,8.052632,9.030565],"faces":{"east":{"uv":[8.875,0.0,8.5,0.625],"tintindex":0,"rotation":0,"texture":"#0"},"south":{"uv":[7.875,10.75,7.375,11.375],"tintindex":0,"rotation":0,"texture":"#0"},"north":{"uv":[7.875,10.75,7.375,11.375],"tintindex":0,"rotation":0,"texture":"#0"},"west":{"uv":[8.875,0.0,8.5,0.625],"tintindex":0,"rotation":0,"texture":"#0"},"up":{"uv":[10.875,5.375,11.375,5.0],"tintindex":0,"rotation":0,"texture":"#0"},"down":{"uv":[10.875,5.375,11.375,5.0],"tintindex":0,"rotation":0,"texture":"#0"}},"rotation":{"origin":[8.0,6.9378614,8.952316],"angle":22.5,"axis":"x"}},{"from":[8.0,-0.94736767,6.0305653],"to":[8.0,4.0526323,12.030565],"faces":{"east":{"uv":[10.375,2.0,11.125,2.625],"tintindex":0,"rotation":0,"texture":"#0"},"west":{"uv":[11.125,2.0,10.375,2.625],"tintindex":0,"rotation":0,"texture":"#0"}},"rotation":{"origin":[8.0,6.9378614,8.952316],"angle":22.5,"axis":"x"}},{"from":[9.975,-0.94736767,6.0305653],"to":[9.975,4.0526323,12.030565],"faces":{"east":{"uv":[10.375,2.0,11.125,2.625],"tintindex":0,"rotation":0,"texture":"#0"},"west":{"uv":[11.125,2.0,10.375,2.625],"tintindex":0,"rotation":0,"texture":"#0"}},"rotation":{"origin":[8.0,6.9378614,8.952316],"angle":22.5,"axis":"x"}},{"from":[6.025,-0.94736767,6.0305653],"to":[6.025,4.0526323,12.030565],"faces":{"east":{"uv":[10.375,2.0,11.125,2.625],"tintindex":0,"rotation":0,"texture":"#0"},"west":{"uv":[11.125,2.0,10.375,2.625],"tintindex":0,"rotation":0,"texture":"#0"}},"rotation":{"origin":[8.0,6.9378614,8.952316],"angle":22.5,"axis":"x"}}],"display":{"gui":{"rotation":[30,225,0]}}}