{"textures":{"0":"modelengine:entity/raptor_undead"},"elements":[{"from":[6.5,4.302614,2.0126696],"to":[9.5,8.302614,9.01267],"faces":{"east":{"uv":[0.0,6.375,0.875,5.875],"tintindex":0,"rotation":0,"texture":"#0"},"south":{"uv":[6.75,7.0,6.375,7.5],"tintindex":0,"rotation":0,"texture":"#0"},"north":{"uv":[6.75,7.0,6.375,7.5],"tintindex":0,"rotation":0,"texture":"#0"},"west":{"uv":[0.875,5.875,0.0,6.375],"tintindex":0,"rotation":0,"texture":"#0"},"up":{"uv":[1.0,5.0,1.375,4.125],"tintindex":0,"rotation":0,"texture":"#0"},"down":{"uv":[1.375,5.0,1.0,4.125],"tintindex":0,"rotation":0,"texture":"#0"}},"rotation":{"origin":[8.0,5.923236,3.4619703],"angle":-22.5,"axis":"x"}}],"display":{"gui":{"rotation":[30,225,0]}}}