{"textures":{"0":"modelengine:entity/raptor_undead"},"elements":[{"from":[6.0,-0.54280853,5.5097446],"to":[10.0,9.457191,9.509745],"faces":{"east":{"uv":[9.375,6.625,9.875,7.875],"tintindex":0,"rotation":0,"texture":"#0"},"south":{"uv":[4.125,9.375,4.625,10.625],"tintindex":0,"rotation":0,"texture":"#0"},"north":{"uv":[4.125,9.375,4.625,10.625],"tintindex":0,"rotation":0,"texture":"#0"},"west":{"uv":[9.375,6.625,9.875,7.875],"tintindex":0,"rotation":0,"texture":"#0"},"up":{"uv":[2.125,11.375,1.625,10.875],"tintindex":0,"rotation":0,"texture":"#0"},"down":{"uv":[2.125,11.375,1.625,10.875],"tintindex":0,"rotation":0,"texture":"#0"}},"rotation":{"origin":[7.5,7.9571915,4.7597446],"angle":22.5,"axis":"x"}}],"display":{"gui":{"rotation":[30,225,0]}}}