{"textures":{"0":"modelengine:entity/raptor_undead"},"elements":[{"from":[5.0,7.473423,4.7149825],"to":[11.0,13.473423,15.714982],"faces":{"east":{"uv":[6.875,6.75,8.25,7.5],"tintindex":0,"rotation":0,"texture":"#0"},"south":{"uv":[2.25,9.5,3.0,10.25],"tintindex":0,"rotation":0,"texture":"#0"},"north":{"uv":[8.625,9.375,9.375,10.125],"tintindex":0,"rotation":0,"texture":"#0"},"west":{"uv":[7.0,0.0,8.375,0.75],"tintindex":0,"rotation":0,"texture":"#0"},"up":{"uv":[2.125,7.875,1.375,6.5],"tintindex":0,"rotation":0,"texture":"#0"},"down":{"uv":[5.25,6.625,4.5,8.0],"tintindex":0,"rotation":0,"texture":"#0"}},"rotation":{"origin":[8.0,4.973423,0.714983],"angle":22.5,"axis":"x"}}],"display":{"gui":{"rotation":[30,225,0]}}}