{"textures":{"0":"modelengine:entity/raptor_undead"},"elements":[{"from":[7.0,6.912362,8.372236],"to":[9.0,9.912362,19.372236],"faces":{"east":{"uv":[9.875,5.5,11.25,5.875],"tintindex":0,"rotation":0,"texture":"#0"},"south":{"uv":[0.875,7.5,1.125,7.875],"tintindex":0,"rotation":0,"texture":"#0"},"north":{"uv":[4.125,7.125,4.375,7.5],"tintindex":0,"rotation":0,"texture":"#0"},"west":{"uv":[9.875,8.75,11.25,9.125],"tintindex":0,"rotation":0,"texture":"#0"},"up":{"uv":[0.875,11.125,0.625,9.75],"tintindex":0,"rotation":0,"texture":"#0"},"down":{"uv":[4.0,10.75,3.75,12.125],"tintindex":0,"rotation":0,"texture":"#0"}},"rotation":{"origin":[8.0,11.912362,6.8722363],"angle":22.5,"axis":"x"}}],"display":{"gui":{"rotation":[30,225,0]}}}