{"textures":{"0":"modelengine:entity/raptor_undead"},"elements":[{"from":[2.5,17.830963,7.7908998],"to":[13.5,17.830963,12.790899],"faces":{"up":{"uv":[9.25,8.25,7.875,7.625],"tintindex":0,"rotation":0,"texture":"#0"},"down":{"uv":[9.25,7.625,7.875,8.25],"tintindex":0,"rotation":0,"texture":"#0"}},"rotation":{"origin":[8.0,17.830963,10.290899],"angle":-45.0,"axis":"x"}},{"from":[4.0,5.563905,7.5224257],"to":[12.0,14.563905,15.522426],"faces":{"east":{"uv":[5.875,0.0,6.875,1.125],"tintindex":0,"rotation":0,"texture":"#0"},"south":{"uv":[2.25,5.875,3.25,7.0],"tintindex":0,"rotation":0,"texture":"#0"},"north":{"uv":[5.75,5.75,6.75,6.875],"tintindex":0,"rotation":0,"texture":"#0"},"west":{"uv":[3.375,5.875,4.375,7.0],"tintindex":0,"rotation":0,"texture":"#0"},"up":{"uv":[8.0,1.875,7.0,0.875],"tintindex":0,"rotation":0,"texture":"#0"},"down":{"uv":[8.0,2.0,7.0,3.0],"tintindex":0,"rotation":0,"texture":"#0"}},"rotation":{"origin":[8.0,10.063905,6.5224257],"angle":-22.5,"axis":"x"}},{"from":[2.5,9.063905,-1.4775743],"to":[13.5,16.063904,8.522426],"faces":{"east":{"uv":[0.0,6.5,1.25,7.375],"tintindex":0,"rotation":0,"texture":"#0"},"south":{"uv":[5.75,4.75,7.125,5.625],"tintindex":0,"rotation":0,"texture":"#0"},"north":{"uv":[5.75,3.75,7.125,4.625],"tintindex":0,"rotation":0,"texture":"#0"},"west":{"uv":[6.875,5.75,8.125,6.625],"tintindex":0,"rotation":0,"texture":"#0"},"up":{"uv":[1.375,4.0,0.0,2.75],"tintindex":0,"rotation":0,"texture":"#0"},"down":{"uv":[4.5,0.0,3.125,1.25],"tintindex":0,"rotation":0,"texture":"#0"}}},{"from":[3.0,5.563905,-3.4775743],"to":[13.0,15.563905,9.522426],"faces":{"east":{"uv":[0.0,0.0,1.625,1.25],"tintindex":0,"rotation":0,"texture":"#0"},"south":{"uv":[3.125,2.75,4.375,4.0],"tintindex":0,"rotation":0,"texture":"#0"},"north":{"uv":[3.125,1.375,4.375,2.625],"tintindex":0,"rotation":0,"texture":"#0"},"west":{"uv":[0.0,1.375,1.625,2.625],"tintindex":0,"rotation":0,"texture":"#0"},"up":{"uv":[3.0,1.625,1.75,0.0],"tintindex":0,"rotation":0,"texture":"#0"},"down":{"uv":[3.0,1.75,1.75,3.375],"tintindex":0,"rotation":0,"texture":"#0"}}},{"from":[2.5,5.063905,0.52242565],"to":[13.5,9.063905,3.5224257],"faces":{"east":{"uv":[10.875,7.125,11.25,7.625],"tintindex":0,"rotation":0,"texture":"#0"},"south":{"uv":[9.375,6.0,10.75,6.5],"tintindex":0,"rotation":0,"texture":"#0"},"north":{"uv":[5.875,9.375,7.25,9.875],"tintindex":0,"rotation":0,"texture":"#0"},"west":{"uv":[10.875,7.75,11.25,8.25],"tintindex":0,"rotation":0,"texture":"#0"},"up":{"uv":[7.0,10.375,5.625,10.0],"tintindex":0,"rotation":0,"texture":"#0"},"down":{"uv":[11.375,6.625,10.0,7.0],"tintindex":0,"rotation":0,"texture":"#0"}}}],"display":{"gui":{"rotation":[30,225,0]}}}