{"overrides":[{"predicate":{"custom_model_data":1},"model":"modelengine:arcane_magic_circle/middle"},{"predicate":{"custom_model_data":2},"model":"modelengine:arcane_magic_circle/outer"},{"predicate":{"custom_model_data":3},"model":"modelengine:arcane_magic_circle/letters"},{"predicate":{"custom_model_data":4},"model":"modelengine:basilisk_obsidian/upper_body"},{"predicate":{"custom_model_data":5},"model":"modelengine:basilisk_obsidian/head"},{"predicate":{"custom_model_data":6},"model":"modelengine:basilisk_obsidian/right_front_leg"},{"predicate":{"custom_model_data":7},"model":"modelengine:basilisk_obsidian/tail"},{"predicate":{"custom_model_data":8},"model":"modelengine:basilisk_obsidian/right_mid_leg"},{"predicate":{"custom_model_data":9},"model":"modelengine:basilisk_obsidian/left_mid_leg"},{"predicate":{"custom_model_data":10},"model":"modelengine:basilisk_obsidian/left_front_leg"},{"predicate":{"custom_model_data":11},"model":"modelengine:basilisk_obsidian/jaw"},{"predicate":{"custom_model_data":12},"model":"modelengine:basilisk_obsidian/right_front_ankle"},{"predicate":{"custom_model_data":13},"model":"modelengine:basilisk_obsidian/left_back_leg"},{"predicate":{"custom_model_data":14},"model":"modelengine:basilisk_obsidian/tail_mid"},{"predicate":{"custom_model_data":15},"model":"modelengine:basilisk_obsidian/right_back_leg"},{"predicate":{"custom_model_data":16},"model":"modelengine:basilisk_obsidian/right_mid_ankle"},{"predicate":{"custom_model_data":17},"model":"modelengine:basilisk_obsidian/left_mid_ankle"},{"predicate":{"custom_model_data":18},"model":"modelengine:basilisk_obsidian/left_front_ankle"},{"predicate":{"custom_model_data":19},"model":"modelengine:basilisk_obsidian/right_font_foot"},{"predicate":{"custom_model_data":20},"model":"modelengine:basilisk_obsidian/left_back_ankle"},{"predicate":{"custom_model_data":21},"model":"modelengine:basilisk_obsidian/tail_end"},{"predicate":{"custom_model_data":22},"model":"modelengine:basilisk_obsidian/right_back_ankle"},{"predicate":{"custom_model_data":23},"model":"modelengine:basilisk_obsidian/right_mid_foot"},{"predicate":{"custom_model_data":24},"model":"modelengine:basilisk_obsidian/left_mid_foot"},{"predicate":{"custom_model_data":25},"model":"modelengine:basilisk_obsidian/left_font_foot"},{"predicate":{"custom_model_data":26},"model":"modelengine:basilisk_obsidian/left_back_foot"},{"predicate":{"custom_model_data":27},"model":"modelengine:basilisk_obsidian/right_back_foot"},{"predicate":{"custom_model_data":28},"model":"modelengine:basilisk_snowstorm/upper_body"},{"predicate":{"custom_model_data":29},"model":"modelengine:basilisk_snowstorm/head"},{"predicate":{"custom_model_data":30},"model":"modelengine:basilisk_snowstorm/right_front_leg"},{"predicate":{"custom_model_data":31},"model":"modelengine:basilisk_snowstorm/tail"},{"predicate":{"custom_model_data":32},"model":"modelengine:basilisk_snowstorm/right_mid_leg"},{"predicate":{"custom_model_data":33},"model":"modelengine:basilisk_snowstorm/left_mid_leg"},{"predicate":{"custom_model_data":34},"model":"modelengine:basilisk_snowstorm/left_front_leg"},{"predicate":{"custom_model_data":35},"model":"modelengine:basilisk_snowstorm/jaw"},{"predicate":{"custom_model_data":36},"model":"modelengine:basilisk_snowstorm/right_front_ankle"},{"predicate":{"custom_model_data":37},"model":"modelengine:basilisk_snowstorm/left_back_leg"},{"predicate":{"custom_model_data":38},"model":"modelengine:basilisk_snowstorm/tail_mid"},{"predicate":{"custom_model_data":39},"model":"modelengine:basilisk_snowstorm/right_back_leg"},{"predicate":{"custom_model_data":40},"model":"modelengine:basilisk_snowstorm/right_mid_ankle"},{"predicate":{"custom_model_data":41},"model":"modelengine:basilisk_snowstorm/left_mid_ankle"},{"predicate":{"custom_model_data":42},"model":"modelengine:basilisk_snowstorm/left_front_ankle"},{"predicate":{"custom_model_data":43},"model":"modelengine:basilisk_snowstorm/right_font_foot"},{"predicate":{"custom_model_data":44},"model":"modelengine:basilisk_snowstorm/left_back_ankle"},{"predicate":{"custom_model_data":45},"model":"modelengine:basilisk_snowstorm/tail_end"},{"predicate":{"custom_model_data":46},"model":"modelengine:basilisk_snowstorm/right_back_ankle"},{"predicate":{"custom_model_data":47},"model":"modelengine:basilisk_snowstorm/right_mid_foot"},{"predicate":{"custom_model_data":48},"model":"modelengine:basilisk_snowstorm/left_mid_foot"},{"predicate":{"custom_model_data":49},"model":"modelengine:basilisk_snowstorm/left_font_foot"},{"predicate":{"custom_model_data":50},"model":"modelengine:basilisk_snowstorm/left_back_foot"},{"predicate":{"custom_model_data":51},"model":"modelengine:basilisk_snowstorm/right_back_foot"},{"predicate":{"custom_model_data":52},"model":"modelengine:basilisk_wild/upper_body"},{"predicate":{"custom_model_data":53},"model":"modelengine:basilisk_wild/head"},{"predicate":{"custom_model_data":54},"model":"modelengine:basilisk_wild/right_front_leg"},{"predicate":{"custom_model_data":55},"model":"modelengine:basilisk_wild/tail"},{"predicate":{"custom_model_data":56},"model":"modelengine:basilisk_wild/right_mid_leg"},{"predicate":{"custom_model_data":57},"model":"modelengine:basilisk_wild/left_mid_leg"},{"predicate":{"custom_model_data":58},"model":"modelengine:basilisk_wild/left_front_leg"},{"predicate":{"custom_model_data":59},"model":"modelengine:basilisk_wild/jaw"},{"predicate":{"custom_model_data":60},"model":"modelengine:basilisk_wild/right_front_ankle"},{"predicate":{"custom_model_data":61},"model":"modelengine:basilisk_wild/left_back_leg"},{"predicate":{"custom_model_data":62},"model":"modelengine:basilisk_wild/tail_mid"},{"predicate":{"custom_model_data":63},"model":"modelengine:basilisk_wild/right_back_leg"},{"predicate":{"custom_model_data":64},"model":"modelengine:basilisk_wild/right_mid_ankle"},{"predicate":{"custom_model_data":65},"model":"modelengine:basilisk_wild/left_mid_ankle"},{"predicate":{"custom_model_data":66},"model":"modelengine:basilisk_wild/left_front_ankle"},{"predicate":{"custom_model_data":67},"model":"modelengine:basilisk_wild/right_font_foot"},{"predicate":{"custom_model_data":68},"model":"modelengine:basilisk_wild/left_back_ankle"},{"predicate":{"custom_model_data":69},"model":"modelengine:basilisk_wild/tail_end"},{"predicate":{"custom_model_data":70},"model":"modelengine:basilisk_wild/right_back_ankle"},{"predicate":{"custom_model_data":71},"model":"modelengine:basilisk_wild/right_mid_foot"},{"predicate":{"custom_model_data":72},"model":"modelengine:basilisk_wild/left_mid_foot"},{"predicate":{"custom_model_data":73},"model":"modelengine:basilisk_wild/left_font_foot"},{"predicate":{"custom_model_data":74},"model":"modelengine:basilisk_wild/left_back_foot"},{"predicate":{"custom_model_data":75},"model":"modelengine:basilisk_wild/right_back_foot"},{"predicate":{"custom_model_data":76},"model":"modelengine:god_of_death/upper_body"},{"predicate":{"custom_model_data":77},"model":"modelengine:god_of_death/stomach"},{"predicate":{"custom_model_data":78},"model":"modelengine:god_of_death/chest"},{"predicate":{"custom_model_data":79},"model":"modelengine:god_of_death/head"},{"predicate":{"custom_model_data":80},"model":"modelengine:god_of_death/right_arm"},{"predicate":{"custom_model_data":81},"model":"modelengine:god_of_death/left_arm"},{"predicate":{"custom_model_data":82},"model":"modelengine:god_of_death/right_wrist"},{"predicate":{"custom_model_data":83},"model":"modelengine:god_of_death/left_wrist"},{"predicate":{"custom_model_data":84},"model":"modelengine:god_of_death/right_hand"},{"predicate":{"custom_model_data":85},"model":"modelengine:god_of_death/left_hand"},{"predicate":{"custom_model_data":86},"model":"modelengine:god_of_death/right_thumb"},{"predicate":{"custom_model_data":87},"model":"modelengine:god_of_death/right_fingers"},{"predicate":{"custom_model_data":88},"model":"modelengine:god_of_death/weapon"},{"predicate":{"custom_model_data":89},"model":"modelengine:god_of_death/left_thumb"},{"predicate":{"custom_model_data":90},"model":"modelengine:god_of_death/left_fingers"},{"predicate":{"custom_model_data":91},"model":"modelengine:god_of_death/right_thumb_end"},{"predicate":{"custom_model_data":92},"model":"modelengine:god_of_death/right_fingers_end"},{"predicate":{"custom_model_data":93},"model":"modelengine:god_of_death/left_thumb_end"},{"predicate":{"custom_model_data":94},"model":"modelengine:god_of_death/left_fingers_end"},{"predicate":{"custom_model_data":95},"model":"modelengine:guardian_shield/shield"},{"predicate":{"custom_model_data":96},"model":"modelengine:hastur/upper_body"},{"predicate":{"custom_model_data":97},"model":"modelengine:hastur/stomach"},{"predicate":{"custom_model_data":98},"model":"modelengine:hastur/chest"},{"predicate":{"custom_model_data":99},"model":"modelengine:hastur/left_chains"},{"predicate":{"custom_model_data":100},"model":"modelengine:hastur/right_chains"},{"predicate":{"custom_model_data":101},"model":"modelengine:hastur/right_arm"},{"predicate":{"custom_model_data":102},"model":"modelengine:hastur/cloak"},{"predicate":{"custom_model_data":103},"model":"modelengine:hastur/left_arm"},{"predicate":{"custom_model_data":104},"model":"modelengine:hastur/left_chains_end"},{"predicate":{"custom_model_data":105},"model":"modelengine:hastur/right_chains_end"},{"predicate":{"custom_model_data":106},"model":"modelengine:hastur/right_wrist"},{"predicate":{"custom_model_data":107},"model":"modelengine:hastur/cloak_end"},{"predicate":{"custom_model_data":108},"model":"modelengine:hastur/left_wrist"},{"predicate":{"custom_model_data":109},"model":"modelengine:hippogryph_common/upper_body"},{"predicate":{"custom_model_data":110},"model":"modelengine:hippogryph_common/left_thigh"},{"predicate":{"custom_model_data":111},"model":"modelengine:hippogryph_common/right_thigh"},{"predicate":{"custom_model_data":112},"model":"modelengine:hippogryph_common/chest"},{"predicate":{"custom_model_data":113},"model":"modelengine:hippogryph_common/right_arm"},{"predicate":{"custom_model_data":114},"model":"modelengine:hippogryph_common/left_arm"},{"predicate":{"custom_model_data":115},"model":"modelengine:hippogryph_common/right_wing"},{"predicate":{"custom_model_data":116},"model":"modelengine:hippogryph_common/left_wing"},{"predicate":{"custom_model_data":117},"model":"modelengine:hippogryph_common/tail"},{"predicate":{"custom_model_data":118},"model":"modelengine:hippogryph_common/left_leg"},{"predicate":{"custom_model_data":119},"model":"modelengine:hippogryph_common/right_leg"},{"predicate":{"custom_model_data":120},"model":"modelengine:hippogryph_common/neck"},{"predicate":{"custom_model_data":121},"model":"modelengine:hippogryph_common/right_wrist"},{"predicate":{"custom_model_data":122},"model":"modelengine:hippogryph_common/left_wrist"},{"predicate":{"custom_model_data":123},"model":"modelengine:hippogryph_common/right_wing_mid"},{"predicate":{"custom_model_data":124},"model":"modelengine:hippogryph_common/left_wing_mid"},{"predicate":{"custom_model_data":125},"model":"modelengine:hippogryph_common/tail_end"},{"predicate":{"custom_model_data":126},"model":"modelengine:hippogryph_common/left_ankle"},{"predicate":{"custom_model_data":127},"model":"modelengine:hippogryph_common/right_ankle"},{"predicate":{"custom_model_data":128},"model":"modelengine:hippogryph_common/head"},{"predicate":{"custom_model_data":129},"model":"modelengine:hippogryph_common/right_hand"},{"predicate":{"custom_model_data":130},"model":"modelengine:hippogryph_common/left_hand"},{"predicate":{"custom_model_data":131},"model":"modelengine:hippogryph_common/right_wing_end"},{"predicate":{"custom_model_data":132},"model":"modelengine:hippogryph_common/left_wing_end"},{"predicate":{"custom_model_data":133},"model":"modelengine:hippogryph_common/left_foot"},{"predicate":{"custom_model_data":134},"model":"modelengine:hippogryph_common/right_foot"},{"predicate":{"custom_model_data":135},"model":"modelengine:hippogryph_common/jaw"},{"predicate":{"custom_model_data":136},"model":"modelengine:hippogryph_crystal/upper_body"},{"predicate":{"custom_model_data":137},"model":"modelengine:hippogryph_crystal/left_thigh"},{"predicate":{"custom_model_data":138},"model":"modelengine:hippogryph_crystal/right_thigh"},{"predicate":{"custom_model_data":139},"model":"modelengine:hippogryph_crystal/chest"},{"predicate":{"custom_model_data":140},"model":"modelengine:hippogryph_crystal/right_arm"},{"predicate":{"custom_model_data":141},"model":"modelengine:hippogryph_crystal/left_arm"},{"predicate":{"custom_model_data":142},"model":"modelengine:hippogryph_crystal/right_wing"},{"predicate":{"custom_model_data":143},"model":"modelengine:hippogryph_crystal/left_wing"},{"predicate":{"custom_model_data":144},"model":"modelengine:hippogryph_crystal/tail"},{"predicate":{"custom_model_data":145},"model":"modelengine:hippogryph_crystal/left_leg"},{"predicate":{"custom_model_data":146},"model":"modelengine:hippogryph_crystal/right_leg"},{"predicate":{"custom_model_data":147},"model":"modelengine:hippogryph_crystal/neck"},{"predicate":{"custom_model_data":148},"model":"modelengine:hippogryph_crystal/right_wrist"},{"predicate":{"custom_model_data":149},"model":"modelengine:hippogryph_crystal/left_wrist"},{"predicate":{"custom_model_data":150},"model":"modelengine:hippogryph_crystal/right_wing_mid"},{"predicate":{"custom_model_data":151},"model":"modelengine:hippogryph_crystal/left_wing_mid"},{"predicate":{"custom_model_data":152},"model":"modelengine:hippogryph_crystal/tail_end"},{"predicate":{"custom_model_data":153},"model":"modelengine:hippogryph_crystal/left_ankle"},{"predicate":{"custom_model_data":154},"model":"modelengine:hippogryph_crystal/right_ankle"},{"predicate":{"custom_model_data":155},"model":"modelengine:hippogryph_crystal/head"},{"predicate":{"custom_model_data":156},"model":"modelengine:hippogryph_crystal/right_hand"},{"predicate":{"custom_model_data":157},"model":"modelengine:hippogryph_crystal/left_hand"},{"predicate":{"custom_model_data":158},"model":"modelengine:hippogryph_crystal/right_wing_end"},{"predicate":{"custom_model_data":159},"model":"modelengine:hippogryph_crystal/left_wing_end"},{"predicate":{"custom_model_data":160},"model":"modelengine:hippogryph_crystal/left_foot"},{"predicate":{"custom_model_data":161},"model":"modelengine:hippogryph_crystal/right_foot"},{"predicate":{"custom_model_data":162},"model":"modelengine:hippogryph_crystal/jaw"},{"predicate":{"custom_model_data":163},"model":"modelengine:hippogryph_fallen/upper_body"},{"predicate":{"custom_model_data":164},"model":"modelengine:hippogryph_fallen/left_thigh"},{"predicate":{"custom_model_data":165},"model":"modelengine:hippogryph_fallen/right_thigh"},{"predicate":{"custom_model_data":166},"model":"modelengine:hippogryph_fallen/chest"},{"predicate":{"custom_model_data":167},"model":"modelengine:hippogryph_fallen/right_arm"},{"predicate":{"custom_model_data":168},"model":"modelengine:hippogryph_fallen/left_arm"},{"predicate":{"custom_model_data":169},"model":"modelengine:hippogryph_fallen/right_wing"},{"predicate":{"custom_model_data":170},"model":"modelengine:hippogryph_fallen/left_wing"},{"predicate":{"custom_model_data":171},"model":"modelengine:hippogryph_fallen/tail"},{"predicate":{"custom_model_data":172},"model":"modelengine:hippogryph_fallen/left_leg"},{"predicate":{"custom_model_data":173},"model":"modelengine:hippogryph_fallen/right_leg"},{"predicate":{"custom_model_data":174},"model":"modelengine:hippogryph_fallen/neck"},{"predicate":{"custom_model_data":175},"model":"modelengine:hippogryph_fallen/right_wrist"},{"predicate":{"custom_model_data":176},"model":"modelengine:hippogryph_fallen/left_wrist"},{"predicate":{"custom_model_data":177},"model":"modelengine:hippogryph_fallen/right_wing_mid"},{"predicate":{"custom_model_data":178},"model":"modelengine:hippogryph_fallen/left_wing_mid"},{"predicate":{"custom_model_data":179},"model":"modelengine:hippogryph_fallen/tail_end"},{"predicate":{"custom_model_data":180},"model":"modelengine:hippogryph_fallen/left_ankle"},{"predicate":{"custom_model_data":181},"model":"modelengine:hippogryph_fallen/right_ankle"},{"predicate":{"custom_model_data":182},"model":"modelengine:hippogryph_fallen/head"},{"predicate":{"custom_model_data":183},"model":"modelengine:hippogryph_fallen/right_hand"},{"predicate":{"custom_model_data":184},"model":"modelengine:hippogryph_fallen/left_hand"},{"predicate":{"custom_model_data":185},"model":"modelengine:hippogryph_fallen/right_wing_end"},{"predicate":{"custom_model_data":186},"model":"modelengine:hippogryph_fallen/left_wing_end"},{"predicate":{"custom_model_data":187},"model":"modelengine:hippogryph_fallen/left_foot"},{"predicate":{"custom_model_data":188},"model":"modelengine:hippogryph_fallen/right_foot"},{"predicate":{"custom_model_data":189},"model":"modelengine:hippogryph_fallen/jaw"},{"predicate":{"custom_model_data":190},"model":"modelengine:hippogryph_royal/upper_body"},{"predicate":{"custom_model_data":191},"model":"modelengine:hippogryph_royal/left_thigh"},{"predicate":{"custom_model_data":192},"model":"modelengine:hippogryph_royal/right_thigh"},{"predicate":{"custom_model_data":193},"model":"modelengine:hippogryph_royal/chest"},{"predicate":{"custom_model_data":194},"model":"modelengine:hippogryph_royal/right_arm"},{"predicate":{"custom_model_data":195},"model":"modelengine:hippogryph_royal/left_arm"},{"predicate":{"custom_model_data":196},"model":"modelengine:hippogryph_royal/right_wing"},{"predicate":{"custom_model_data":197},"model":"modelengine:hippogryph_royal/left_wing"},{"predicate":{"custom_model_data":198},"model":"modelengine:hippogryph_royal/tail"},{"predicate":{"custom_model_data":199},"model":"modelengine:hippogryph_royal/left_leg"},{"predicate":{"custom_model_data":200},"model":"modelengine:hippogryph_royal/right_leg"},{"predicate":{"custom_model_data":201},"model":"modelengine:hippogryph_royal/neck"},{"predicate":{"custom_model_data":202},"model":"modelengine:hippogryph_royal/right_wrist"},{"predicate":{"custom_model_data":203},"model":"modelengine:hippogryph_royal/left_wrist"},{"predicate":{"custom_model_data":204},"model":"modelengine:hippogryph_royal/right_wing_mid"},{"predicate":{"custom_model_data":205},"model":"modelengine:hippogryph_royal/left_wing_mid"},{"predicate":{"custom_model_data":206},"model":"modelengine:hippogryph_royal/tail_end"},{"predicate":{"custom_model_data":207},"model":"modelengine:hippogryph_royal/left_ankle"},{"predicate":{"custom_model_data":208},"model":"modelengine:hippogryph_royal/right_ankle"},{"predicate":{"custom_model_data":209},"model":"modelengine:hippogryph_royal/head"},{"predicate":{"custom_model_data":210},"model":"modelengine:hippogryph_royal/right_hand"},{"predicate":{"custom_model_data":211},"model":"modelengine:hippogryph_royal/left_hand"},{"predicate":{"custom_model_data":212},"model":"modelengine:hippogryph_royal/right_wing_end"},{"predicate":{"custom_model_data":213},"model":"modelengine:hippogryph_royal/left_wing_end"},{"predicate":{"custom_model_data":214},"model":"modelengine:hippogryph_royal/left_foot"},{"predicate":{"custom_model_data":215},"model":"modelengine:hippogryph_royal/right_foot"},{"predicate":{"custom_model_data":216},"model":"modelengine:hippogryph_royal/jaw"},{"predicate":{"custom_model_data":217},"model":"modelengine:holy_spear/bone"},{"predicate":{"custom_model_data":218},"model":"modelengine:magical_blade/body"},{"predicate":{"custom_model_data":219},"model":"modelengine:magical_blades/body2"},{"predicate":{"custom_model_data":220},"model":"modelengine:magical_blades/body3"},{"predicate":{"custom_model_data":221},"model":"modelengine:magical_blades/body4"},{"predicate":{"custom_model_data":222},"model":"modelengine:magical_blades/body5"},{"predicate":{"custom_model_data":223},"model":"modelengine:magical_blades/body"},{"predicate":{"custom_model_data":224},"model":"modelengine:meteor_storm_magic_circle/middle"},{"predicate":{"custom_model_data":225},"model":"modelengine:meteor_storm_magic_circle/outer"},{"predicate":{"custom_model_data":226},"model":"modelengine:meteor_storm_magic_circle/letters"},{"predicate":{"custom_model_data":227},"model":"modelengine:meteor_storm_meteor/body"},{"predicate":{"custom_model_data":228},"model":"modelengine:paladin_hammer_fx/bone"},{"predicate":{"custom_model_data":229},"model":"modelengine:phoenix/body"},{"predicate":{"custom_model_data":230},"model":"modelengine:phoenix/tail_left_last"},{"predicate":{"custom_model_data":231},"model":"modelengine:phoenix/tail_right_last"},{"predicate":{"custom_model_data":232},"model":"modelengine:phoenix/chest"},{"predicate":{"custom_model_data":233},"model":"modelengine:phoenix/tail_right"},{"predicate":{"custom_model_data":234},"model":"modelengine:phoenix/tail_mid"},{"predicate":{"custom_model_data":235},"model":"modelengine:phoenix/tail_left"},{"predicate":{"custom_model_data":236},"model":"modelengine:phoenix/tail_left_last_end"},{"predicate":{"custom_model_data":237},"model":"modelengine:phoenix/tail_right_last_end"},{"predicate":{"custom_model_data":238},"model":"modelengine:phoenix/right_wing"},{"predicate":{"custom_model_data":239},"model":"modelengine:phoenix/left_wing"},{"predicate":{"custom_model_data":240},"model":"modelengine:phoenix/neck"},{"predicate":{"custom_model_data":241},"model":"modelengine:phoenix/tail_right_end"},{"predicate":{"custom_model_data":242},"model":"modelengine:phoenix/tail_mid_end"},{"predicate":{"custom_model_data":243},"model":"modelengine:phoenix/tail_left_end"},{"predicate":{"custom_model_data":244},"model":"modelengine:phoenix/right_wing_mid"},{"predicate":{"custom_model_data":245},"model":"modelengine:phoenix/left_wing_mid"},{"predicate":{"custom_model_data":246},"model":"modelengine:phoenix/head"},{"predicate":{"custom_model_data":247},"model":"modelengine:phoenix/right_wing_end"},{"predicate":{"custom_model_data":248},"model":"modelengine:phoenix/left_wing_end"},{"predicate":{"custom_model_data":249},"model":"modelengine:phoenix/jaw"},{"predicate":{"custom_model_data":250},"model":"modelengine:raptor_nightmare/upper_body"},{"predicate":{"custom_model_data":251},"model":"modelengine:raptor_nightmare/left_thigh"},{"predicate":{"custom_model_data":252},"model":"modelengine:raptor_nightmare/right_thigh"},{"predicate":{"custom_model_data":253},"model":"modelengine:raptor_nightmare/chest"},{"predicate":{"custom_model_data":254},"model":"modelengine:raptor_nightmare/right_arm"},{"predicate":{"custom_model_data":255},"model":"modelengine:raptor_nightmare/left_arm"},{"predicate":{"custom_model_data":256},"model":"modelengine:raptor_nightmare/tail"},{"predicate":{"custom_model_data":257},"model":"modelengine:raptor_nightmare/left_leg"},{"predicate":{"custom_model_data":258},"model":"modelengine:raptor_nightmare/right_leg"},{"predicate":{"custom_model_data":259},"model":"modelengine:raptor_nightmare/neck"},{"predicate":{"custom_model_data":260},"model":"modelengine:raptor_nightmare/right_wrist"},{"predicate":{"custom_model_data":261},"model":"modelengine:raptor_nightmare/left_wrist"},{"predicate":{"custom_model_data":262},"model":"modelengine:raptor_nightmare/tail_mid"},{"predicate":{"custom_model_data":263},"model":"modelengine:raptor_nightmare/left_ankle"},{"predicate":{"custom_model_data":264},"model":"modelengine:raptor_nightmare/right_ankle"},{"predicate":{"custom_model_data":265},"model":"modelengine:raptor_nightmare/head"},{"predicate":{"custom_model_data":266},"model":"modelengine:raptor_nightmare/right_hand"},{"predicate":{"custom_model_data":267},"model":"modelengine:raptor_nightmare/left_hand"},{"predicate":{"custom_model_data":268},"model":"modelengine:raptor_nightmare/tail_end"},{"predicate":{"custom_model_data":269},"model":"modelengine:raptor_nightmare/left_foot"},{"predicate":{"custom_model_data":270},"model":"modelengine:raptor_nightmare/right_foot"},{"predicate":{"custom_model_data":271},"model":"modelengine:raptor_nightmare/jaw"},{"predicate":{"custom_model_data":272},"model":"modelengine:raptor_red/upper_body"},{"predicate":{"custom_model_data":273},"model":"modelengine:raptor_red/left_thigh"},{"predicate":{"custom_model_data":274},"model":"modelengine:raptor_red/right_thigh"},{"predicate":{"custom_model_data":275},"model":"modelengine:raptor_red/chest"},{"predicate":{"custom_model_data":276},"model":"modelengine:raptor_red/right_arm"},{"predicate":{"custom_model_data":277},"model":"modelengine:raptor_red/left_arm"},{"predicate":{"custom_model_data":278},"model":"modelengine:raptor_red/tail"},{"predicate":{"custom_model_data":279},"model":"modelengine:raptor_red/left_leg"},{"predicate":{"custom_model_data":280},"model":"modelengine:raptor_red/right_leg"},{"predicate":{"custom_model_data":281},"model":"modelengine:raptor_red/neck"},{"predicate":{"custom_model_data":282},"model":"modelengine:raptor_red/right_wrist"},{"predicate":{"custom_model_data":283},"model":"modelengine:raptor_red/left_wrist"},{"predicate":{"custom_model_data":284},"model":"modelengine:raptor_red/tail_mid"},{"predicate":{"custom_model_data":285},"model":"modelengine:raptor_red/left_ankle"},{"predicate":{"custom_model_data":286},"model":"modelengine:raptor_red/right_ankle"},{"predicate":{"custom_model_data":287},"model":"modelengine:raptor_red/head"},{"predicate":{"custom_model_data":288},"model":"modelengine:raptor_red/right_hand"},{"predicate":{"custom_model_data":289},"model":"modelengine:raptor_red/left_hand"},{"predicate":{"custom_model_data":290},"model":"modelengine:raptor_red/tail_end"},{"predicate":{"custom_model_data":291},"model":"modelengine:raptor_red/left_foot"},{"predicate":{"custom_model_data":292},"model":"modelengine:raptor_red/right_foot"},{"predicate":{"custom_model_data":293},"model":"modelengine:raptor_red/jaw"},{"predicate":{"custom_model_data":294},"model":"modelengine:raptor_undead/upper_body"},{"predicate":{"custom_model_data":295},"model":"modelengine:raptor_undead/left_thigh"},{"predicate":{"custom_model_data":296},"model":"modelengine:raptor_undead/right_thigh"},{"predicate":{"custom_model_data":297},"model":"modelengine:raptor_undead/chest"},{"predicate":{"custom_model_data":298},"model":"modelengine:raptor_undead/right_arm"},{"predicate":{"custom_model_data":299},"model":"modelengine:raptor_undead/left_arm"},{"predicate":{"custom_model_data":300},"model":"modelengine:raptor_undead/tail"},{"predicate":{"custom_model_data":301},"model":"modelengine:raptor_undead/left_leg"},{"predicate":{"custom_model_data":302},"model":"modelengine:raptor_undead/right_leg"},{"predicate":{"custom_model_data":303},"model":"modelengine:raptor_undead/neck"},{"predicate":{"custom_model_data":304},"model":"modelengine:raptor_undead/right_wrist"},{"predicate":{"custom_model_data":305},"model":"modelengine:raptor_undead/left_wrist"},{"predicate":{"custom_model_data":306},"model":"modelengine:raptor_undead/tail_mid"},{"predicate":{"custom_model_data":307},"model":"modelengine:raptor_undead/left_ankle"},{"predicate":{"custom_model_data":308},"model":"modelengine:raptor_undead/right_ankle"},{"predicate":{"custom_model_data":309},"model":"modelengine:raptor_undead/head"},{"predicate":{"custom_model_data":310},"model":"modelengine:raptor_undead/right_hand"},{"predicate":{"custom_model_data":311},"model":"modelengine:raptor_undead/left_hand"},{"predicate":{"custom_model_data":312},"model":"modelengine:raptor_undead/tail_end"},{"predicate":{"custom_model_data":313},"model":"modelengine:raptor_undead/left_foot"},{"predicate":{"custom_model_data":314},"model":"modelengine:raptor_undead/right_foot"},{"predicate":{"custom_model_data":315},"model":"modelengine:raptor_undead/jaw"},{"predicate":{"custom_model_data":316},"model":"modelengine:reaping_claw/body"},{"predicate":{"custom_model_data":317},"model":"modelengine:reaping_claw/mid_finger"},{"predicate":{"custom_model_data":318},"model":"modelengine:reaping_claw/thumb"},{"predicate":{"custom_model_data":319},"model":"modelengine:reaping_claw/right_finger"},{"predicate":{"custom_model_data":320},"model":"modelengine:reaping_claw/left_finger"},{"predicate":{"custom_model_data":321},"model":"modelengine:reaping_claw/mid_finger_end"},{"predicate":{"custom_model_data":322},"model":"modelengine:reaping_claw/thumb_end"},{"predicate":{"custom_model_data":323},"model":"modelengine:reaping_claw/right_finger_end"},{"predicate":{"custom_model_data":324},"model":"modelengine:reaping_claw/left_finger_end"},{"predicate":{"custom_model_data":325},"model":"modelengine:sky_serpent_jade/head"},{"predicate":{"custom_model_data":326},"model":"modelengine:sky_serpent_jade/tail_1"},{"predicate":{"custom_model_data":327},"model":"modelengine:sky_serpent_jade/tail_2"},{"predicate":{"custom_model_data":328},"model":"modelengine:sky_serpent_jade/tail_3"},{"predicate":{"custom_model_data":329},"model":"modelengine:sky_serpent_jade/tail_4"},{"predicate":{"custom_model_data":330},"model":"modelengine:sky_serpent_jade/tail_5"},{"predicate":{"custom_model_data":331},"model":"modelengine:sky_serpent_jade/tail_6"},{"predicate":{"custom_model_data":332},"model":"modelengine:sky_serpent_jade/tail_7"},{"predicate":{"custom_model_data":333},"model":"modelengine:sky_serpent_magma/head"},{"predicate":{"custom_model_data":334},"model":"modelengine:sky_serpent_magma/tail_1"},{"predicate":{"custom_model_data":335},"model":"modelengine:sky_serpent_magma/tail_2"},{"predicate":{"custom_model_data":336},"model":"modelengine:sky_serpent_magma/tail_3"},{"predicate":{"custom_model_data":337},"model":"modelengine:sky_serpent_magma/tail_4"},{"predicate":{"custom_model_data":338},"model":"modelengine:sky_serpent_magma/tail_5"},{"predicate":{"custom_model_data":339},"model":"modelengine:sky_serpent_magma/tail_6"},{"predicate":{"custom_model_data":340},"model":"modelengine:sky_serpent_magma/tail_7"},{"predicate":{"custom_model_data":341},"model":"modelengine:sky_serpent_solar/head"},{"predicate":{"custom_model_data":342},"model":"modelengine:sky_serpent_solar/tail_1"},{"predicate":{"custom_model_data":343},"model":"modelengine:sky_serpent_solar/tail_2"},{"predicate":{"custom_model_data":344},"model":"modelengine:sky_serpent_solar/tail_3"},{"predicate":{"custom_model_data":345},"model":"modelengine:sky_serpent_solar/tail_4"},{"predicate":{"custom_model_data":346},"model":"modelengine:sky_serpent_solar/tail_5"},{"predicate":{"custom_model_data":347},"model":"modelengine:sky_serpent_solar/tail_6"},{"predicate":{"custom_model_data":348},"model":"modelengine:sky_serpent_solar/tail_7"},{"predicate":{"custom_model_data":349},"model":"modelengine:sky_serpent_spectral/head"},{"predicate":{"custom_model_data":350},"model":"modelengine:sky_serpent_spectral/tail_1"},{"predicate":{"custom_model_data":351},"model":"modelengine:sky_serpent_spectral/tail_2"},{"predicate":{"custom_model_data":352},"model":"modelengine:sky_serpent_spectral/tail_3"},{"predicate":{"custom_model_data":353},"model":"modelengine:sky_serpent_spectral/tail_4"},{"predicate":{"custom_model_data":354},"model":"modelengine:sky_serpent_spectral/tail_5"},{"predicate":{"custom_model_data":355},"model":"modelengine:sky_serpent_spectral/tail_6"},{"predicate":{"custom_model_data":356},"model":"modelengine:sky_serpent_spectral/tail_7"},{"predicate":{"custom_model_data":357},"model":"modelengine:soul_scythe/body"},{"predicate":{"custom_model_data":358},"model":"modelengine:spirit_guardian/upper_body"},{"predicate":{"custom_model_data":359},"model":"modelengine:spirit_guardian/upper_body_up"},{"predicate":{"custom_model_data":360},"model":"modelengine:spirit_guardian/chest"},{"predicate":{"custom_model_data":361},"model":"modelengine:spirit_guardian/head"},{"predicate":{"custom_model_data":362},"model":"modelengine:spirit_guardian/right_arm"},{"predicate":{"custom_model_data":363},"model":"modelengine:spirit_guardian/left_arm"},{"predicate":{"custom_model_data":364},"model":"modelengine:spirit_guardian/right_wrist"},{"predicate":{"custom_model_data":365},"model":"modelengine:spirit_guardian/left_wrist"},{"predicate":{"custom_model_data":366},"model":"modelengine:spirit_guardian/right_hand"},{"predicate":{"custom_model_data":367},"model":"modelengine:spirit_guardian/small_slash"},{"predicate":{"custom_model_data":368},"model":"modelengine:spirit_guardian/big_slash"},{"predicate":{"custom_model_data":369},"model":"modelengine:spirit_horse/upper_body"},{"predicate":{"custom_model_data":370},"model":"modelengine:spirit_horse/left_thigh"},{"predicate":{"custom_model_data":371},"model":"modelengine:spirit_horse/right_thigh"},{"predicate":{"custom_model_data":372},"model":"modelengine:spirit_horse/upper_body_mid"},{"predicate":{"custom_model_data":373},"model":"modelengine:spirit_horse/tail"},{"predicate":{"custom_model_data":374},"model":"modelengine:spirit_horse/left_leg"},{"predicate":{"custom_model_data":375},"model":"modelengine:spirit_horse/right_leg"},{"predicate":{"custom_model_data":376},"model":"modelengine:spirit_horse/chest"},{"predicate":{"custom_model_data":377},"model":"modelengine:spirit_horse/tail_mid"},{"predicate":{"custom_model_data":378},"model":"modelengine:spirit_horse/left_ankle"},{"predicate":{"custom_model_data":379},"model":"modelengine:spirit_horse/right_ankle"},{"predicate":{"custom_model_data":380},"model":"modelengine:spirit_horse/right_arm"},{"predicate":{"custom_model_data":381},"model":"modelengine:spirit_horse/left_arm"},{"predicate":{"custom_model_data":382},"model":"modelengine:spirit_horse/neck"},{"predicate":{"custom_model_data":383},"model":"modelengine:spirit_horse/tail_end"},{"predicate":{"custom_model_data":384},"model":"modelengine:spirit_horse/right_wrist"},{"predicate":{"custom_model_data":385},"model":"modelengine:spirit_horse/left_wrist"},{"predicate":{"custom_model_data":386},"model":"modelengine:spirit_horse/neck_mid"},{"predicate":{"custom_model_data":387},"model":"modelengine:spirit_horse/head"},{"predicate":{"custom_model_data":388},"model":"modelengine:stag_demonic/upper_body"},{"predicate":{"custom_model_data":389},"model":"modelengine:stag_demonic/left_thigh"},{"predicate":{"custom_model_data":390},"model":"modelengine:stag_demonic/right_thigh"},{"predicate":{"custom_model_data":391},"model":"modelengine:stag_demonic/chest"},{"predicate":{"custom_model_data":392},"model":"modelengine:stag_demonic/right_arm"},{"predicate":{"custom_model_data":393},"model":"modelengine:stag_demonic/left_arm"},{"predicate":{"custom_model_data":394},"model":"modelengine:stag_demonic/tail"},{"predicate":{"custom_model_data":395},"model":"modelengine:stag_demonic/left_leg"},{"predicate":{"custom_model_data":396},"model":"modelengine:stag_demonic/right_leg"},{"predicate":{"custom_model_data":397},"model":"modelengine:stag_demonic/neck"},{"predicate":{"custom_model_data":398},"model":"modelengine:stag_demonic/right_wrist"},{"predicate":{"custom_model_data":399},"model":"modelengine:stag_demonic/left_wrist"},{"predicate":{"custom_model_data":400},"model":"modelengine:stag_demonic/tail_end"},{"predicate":{"custom_model_data":401},"model":"modelengine:stag_demonic/left_ankle"},{"predicate":{"custom_model_data":402},"model":"modelengine:stag_demonic/right_ankle"},{"predicate":{"custom_model_data":403},"model":"modelengine:stag_demonic/head"},{"predicate":{"custom_model_data":404},"model":"modelengine:stag_demonic/right_hand"},{"predicate":{"custom_model_data":405},"model":"modelengine:stag_demonic/left_hand"},{"predicate":{"custom_model_data":406},"model":"modelengine:stag_demonic/left_foot"},{"predicate":{"custom_model_data":407},"model":"modelengine:stag_demonic/right_foot"},{"predicate":{"custom_model_data":408},"model":"modelengine:stag_heavenly/upper_body"},{"predicate":{"custom_model_data":409},"model":"modelengine:stag_heavenly/left_thigh"},{"predicate":{"custom_model_data":410},"model":"modelengine:stag_heavenly/right_thigh"},{"predicate":{"custom_model_data":411},"model":"modelengine:stag_heavenly/chest"},{"predicate":{"custom_model_data":412},"model":"modelengine:stag_heavenly/right_arm"},{"predicate":{"custom_model_data":413},"model":"modelengine:stag_heavenly/left_arm"},{"predicate":{"custom_model_data":414},"model":"modelengine:stag_heavenly/tail"},{"predicate":{"custom_model_data":415},"model":"modelengine:stag_heavenly/left_leg"},{"predicate":{"custom_model_data":416},"model":"modelengine:stag_heavenly/right_leg"},{"predicate":{"custom_model_data":417},"model":"modelengine:stag_heavenly/neck"},{"predicate":{"custom_model_data":418},"model":"modelengine:stag_heavenly/right_wrist"},{"predicate":{"custom_model_data":419},"model":"modelengine:stag_heavenly/left_wrist"},{"predicate":{"custom_model_data":420},"model":"modelengine:stag_heavenly/tail_end"},{"predicate":{"custom_model_data":421},"model":"modelengine:stag_heavenly/left_ankle"},{"predicate":{"custom_model_data":422},"model":"modelengine:stag_heavenly/right_ankle"},{"predicate":{"custom_model_data":423},"model":"modelengine:stag_heavenly/head"},{"predicate":{"custom_model_data":424},"model":"modelengine:stag_heavenly/right_hand"},{"predicate":{"custom_model_data":425},"model":"modelengine:stag_heavenly/left_hand"},{"predicate":{"custom_model_data":426},"model":"modelengine:stag_heavenly/left_foot"},{"predicate":{"custom_model_data":427},"model":"modelengine:stag_heavenly/right_foot"},{"predicate":{"custom_model_data":428},"model":"modelengine:stag_rune/upper_body"},{"predicate":{"custom_model_data":429},"model":"modelengine:stag_rune/left_thigh"},{"predicate":{"custom_model_data":430},"model":"modelengine:stag_rune/right_thigh"},{"predicate":{"custom_model_data":431},"model":"modelengine:stag_rune/chest"},{"predicate":{"custom_model_data":432},"model":"modelengine:stag_rune/right_arm"},{"predicate":{"custom_model_data":433},"model":"modelengine:stag_rune/left_arm"},{"predicate":{"custom_model_data":434},"model":"modelengine:stag_rune/tail"},{"predicate":{"custom_model_data":435},"model":"modelengine:stag_rune/left_leg"},{"predicate":{"custom_model_data":436},"model":"modelengine:stag_rune/right_leg"},{"predicate":{"custom_model_data":437},"model":"modelengine:stag_rune/neck"},{"predicate":{"custom_model_data":438},"model":"modelengine:stag_rune/right_wrist"},{"predicate":{"custom_model_data":439},"model":"modelengine:stag_rune/left_wrist"},{"predicate":{"custom_model_data":440},"model":"modelengine:stag_rune/tail_end"},{"predicate":{"custom_model_data":441},"model":"modelengine:stag_rune/left_ankle"},{"predicate":{"custom_model_data":442},"model":"modelengine:stag_rune/right_ankle"},{"predicate":{"custom_model_data":443},"model":"modelengine:stag_rune/head"},{"predicate":{"custom_model_data":444},"model":"modelengine:stag_rune/right_hand"},{"predicate":{"custom_model_data":445},"model":"modelengine:stag_rune/left_hand"},{"predicate":{"custom_model_data":446},"model":"modelengine:stag_rune/left_foot"},{"predicate":{"custom_model_data":447},"model":"modelengine:stag_rune/right_foot"},{"predicate":{"custom_model_data":448},"model":"modelengine:stag_void/upper_body"},{"predicate":{"custom_model_data":449},"model":"modelengine:stag_void/left_thigh"},{"predicate":{"custom_model_data":450},"model":"modelengine:stag_void/right_thigh"},{"predicate":{"custom_model_data":451},"model":"modelengine:stag_void/chest"},{"predicate":{"custom_model_data":452},"model":"modelengine:stag_void/right_arm"},{"predicate":{"custom_model_data":453},"model":"modelengine:stag_void/left_arm"},{"predicate":{"custom_model_data":454},"model":"modelengine:stag_void/tail"},{"predicate":{"custom_model_data":455},"model":"modelengine:stag_void/left_leg"},{"predicate":{"custom_model_data":456},"model":"modelengine:stag_void/right_leg"},{"predicate":{"custom_model_data":457},"model":"modelengine:stag_void/neck"},{"predicate":{"custom_model_data":458},"model":"modelengine:stag_void/right_wrist"},{"predicate":{"custom_model_data":459},"model":"modelengine:stag_void/left_wrist"},{"predicate":{"custom_model_data":460},"model":"modelengine:stag_void/tail_end"},{"predicate":{"custom_model_data":461},"model":"modelengine:stag_void/left_ankle"},{"predicate":{"custom_model_data":462},"model":"modelengine:stag_void/right_ankle"},{"predicate":{"custom_model_data":463},"model":"modelengine:stag_void/head"},{"predicate":{"custom_model_data":464},"model":"modelengine:stag_void/right_hand"},{"predicate":{"custom_model_data":465},"model":"modelengine:stag_void/left_hand"},{"predicate":{"custom_model_data":466},"model":"modelengine:stag_void/left_foot"},{"predicate":{"custom_model_data":467},"model":"modelengine:stag_void/right_foot"},{"predicate":{"custom_model_data":468},"model":"modelengine:void_chains/chain_6"},{"predicate":{"custom_model_data":469},"model":"modelengine:void_chains/chain_5"},{"predicate":{"custom_model_data":470},"model":"modelengine:void_chains/chain_4"},{"predicate":{"custom_model_data":471},"model":"modelengine:void_chains/chain_3"},{"predicate":{"custom_model_data":472},"model":"modelengine:void_chains/chain_2"},{"predicate":{"custom_model_data":473},"model":"modelengine:void_chains/chain_1"},{"predicate":{"custom_model_data":474},"model":"modelengine:void_chains/chain_end"}],"parent":"minecraft:item/generated","textures":{"layer0":"minecraft:item/leather_horse_armor"}}