{"textures":{"0":"modelengine:entity/hippogryph_royal"},"elements":[{"from":[2.0,0.18949938,1.3786688],"to":[14.0,7.189499,1.3786688],"faces":{"south":{"uv":[5.875,6.0625,5.125,6.5],"tintindex":0,"rotation":0,"texture":"#0"},"north":{"uv":[5.125,6.0625,5.875,6.5],"tintindex":0,"rotation":0,"texture":"#0"}},"rotation":{"origin":[8.0,3.689499,1.3786688],"angle":-45.0,"axis":"x"}},{"from":[2.0,4.1642246,0.7348356],"to":[14.0,15.164226,8.734836],"faces":{"east":{"uv":[5.875,1.25,6.375,1.9375],"tintindex":0,"rotation":0,"texture":"#0"},"south":{"uv":[5.0625,1.5,5.8125,2.1875],"tintindex":0,"rotation":0,"texture":"#0"},"north":{"uv":[5.0625,1.5,5.8125,2.1875],"tintindex":0,"rotation":0,"texture":"#0"},"west":{"uv":[6.0625,2.0,6.5625,2.6875],"tintindex":0,"rotation":0,"texture":"#0"},"up":{"uv":[6.3125,4.6875,5.5625,4.1875],"tintindex":0,"rotation":0,"texture":"#0"},"down":{"uv":[6.3125,4.6875,5.5625,4.1875],"tintindex":0,"rotation":0,"texture":"#0"}},"rotation":{"origin":[8.0,9.664226,4.7348356],"angle":22.5,"axis":"x"}}],"display":{"gui":{"rotation":[30,225,0]}}}