{"textures":{"0":"modelengine:entity/hippogryph_royal"},"elements":[{"from":[9.942411,7.635,2.6822457],"to":[18.942411,8.16,4.1822457],"faces":{"east":{"uv":[1.1875,6.75,1.0,6.8125],"tintindex":0,"rotation":0,"texture":"#0"},"south":{"uv":[8.8125,3.25,7.6875,3.3125],"tintindex":0,"rotation":0,"texture":"#0"},"north":{"uv":[8.6875,1.4375,7.5625,1.5],"tintindex":0,"rotation":0,"texture":"#0"},"west":{"uv":[6.25,4.75,6.0625,4.8125],"tintindex":0,"rotation":0,"texture":"#0"},"up":{"uv":[6.625,2.6875,7.75,2.5],"tintindex":0,"rotation":0,"texture":"#0"},"down":{"uv":[6.625,2.5,7.75,2.6875],"tintindex":0,"rotation":0,"texture":"#0"}},"rotation":{"origin":[14.509066,8.0225,8.86985],"angle":45.0,"axis":"y"}},{"from":[8.000841,8.1475,1.7150116],"to":[13.500841,8.1475,24.21501],"faces":{"up":{"uv":[2.125,5.75,2.8125,2.9375],"tintindex":0,"rotation":0,"texture":"#0"},"down":{"uv":[2.125,2.9375,2.8125,5.75],"tintindex":0,"rotation":0,"texture":"#0"}}}],"display":{"gui":{"rotation":[30,225,0]}}}