{"textures":{"0":"modelengine:entity/hippogryph_royal"},"elements":[{"from":[6.0,3.5887098,7.1397552],"to":[10.0,9.588711,17.139755],"faces":{"east":{"uv":[1.0,6.875,1.625,7.25],"tintindex":0,"rotation":0,"texture":"#0"},"south":{"uv":[7.5,5.6875,7.75,6.0625],"tintindex":0,"rotation":0,"texture":"#0"},"north":{"uv":[7.5,5.6875,7.75,6.0625],"tintindex":0,"rotation":0,"texture":"#0"},"west":{"uv":[6.875,1.1875,7.5,1.5625],"tintindex":0,"rotation":0,"texture":"#0"},"up":{"uv":[2.5,7.9375,2.25,7.3125],"tintindex":0,"rotation":0,"texture":"#0"},"down":{"uv":[2.25,7.3125,2.5,7.9375],"tintindex":0,"rotation":0,"texture":"#0"}},"rotation":{"origin":[8.0,6.588711,12.139755],"angle":22.5,"axis":"x"}}],"display":{"gui":{"rotation":[30,225,0]}}}