{"textures":{"0":"modelengine:entity/hippogryph_royal"},"elements":[{"from":[0.5,3.0015736,-2.3241806],"to":[15.5,8.001574,0.6758194],"faces":{"east":{"uv":[4.1875,7.8125,4.375,8.125],"tintindex":0,"rotation":0,"texture":"#0"},"south":{"uv":[6.25,3.125,7.1875,3.4375],"tintindex":0,"rotation":0,"texture":"#0"},"north":{"uv":[6.25,2.75,7.1875,3.0625],"tintindex":0,"rotation":0,"texture":"#0"},"west":{"uv":[7.8125,5.6875,8.0,6.0],"tintindex":0,"rotation":0,"texture":"#0"},"up":{"uv":[7.625,7.25,6.6875,7.0625],"tintindex":0,"rotation":0,"texture":"#0"},"down":{"uv":[8.0,6.6875,7.0625,6.875],"tintindex":0,"rotation":0,"texture":"#0"}}},{"from":[1.0,3.5015736,-8.324181],"to":[15.0,14.501574,4.6758194],"faces":{"east":{"uv":[3.625,4.6875,4.4375,5.375],"tintindex":0,"rotation":0,"texture":"#0"},"south":{"uv":[4.375,0.0,5.25,0.6875],"tintindex":0,"rotation":0,"texture":"#0"},"north":{"uv":[4.375,0.0,5.25,0.6875],"tintindex":0,"rotation":0,"texture":"#0"},"west":{"uv":[4.5,4.875,5.3125,5.5625],"tintindex":0,"rotation":0,"texture":"#0"},"up":{"uv":[4.5,3.75,3.625,2.9375],"tintindex":0,"rotation":0,"texture":"#0"},"down":{"uv":[4.5,3.75,3.625,2.9375],"tintindex":0,"rotation":0,"texture":"#0"}}},{"from":[0.4749999,17.584064,4.981056],"to":[15.525,22.584064,4.981056],"faces":{"south":{"uv":[7.1875,3.5,6.25,3.8125],"tintindex":0,"rotation":0,"texture":"#0"},"north":{"uv":[6.25,3.5,7.1875,3.8125],"tintindex":0,"rotation":0,"texture":"#0"}},"rotation":{"origin":[7.975,20.084064,4.981056],"angle":22.5,"axis":"x"}},{"from":[3.0,5.61172,2.320691],"to":[13.0,15.611721,12.320691],"faces":{"east":{"uv":[3.625,5.4375,4.25,6.0625],"tintindex":0,"rotation":0,"texture":"#0"},"south":{"uv":[5.375,5.375,6.0,6.0],"tintindex":0,"rotation":0,"texture":"#0"},"north":{"uv":[5.375,5.375,6.0,6.0],"tintindex":0,"rotation":0,"texture":"#0"},"west":{"uv":[0.6875,5.5625,1.3125,6.1875],"tintindex":0,"rotation":0,"texture":"#0"},"up":{"uv":[2.0,6.1875,1.375,5.5625],"tintindex":0,"rotation":0,"texture":"#0"},"down":{"uv":[2.0,6.1875,1.375,5.5625],"tintindex":0,"rotation":0,"texture":"#0"}},"rotation":{"origin":[8.0,10.611721,7.320691],"angle":-22.5,"axis":"x"}},{"from":[0.4749999,13.801573,0.6758194],"to":[15.525,16.801573,4.6758194],"faces":{"east":{"uv":[7.875,5.375,8.125,5.5625],"tintindex":0,"rotation":0,"texture":"#0"},"south":{"uv":[7.1875,0.25,8.125,0.4375],"tintindex":0,"rotation":0,"texture":"#0"},"north":{"uv":[7.1875,0.0,8.125,0.1875],"tintindex":0,"rotation":0,"texture":"#0"},"west":{"uv":[5.5625,7.875,5.8125,8.0625],"tintindex":0,"rotation":0,"texture":"#0"},"up":{"uv":[7.8125,1.875,6.875,1.625],"tintindex":0,"rotation":0,"texture":"#0"},"down":{"uv":[7.8125,1.625,6.875,1.875],"tintindex":0,"rotation":0,"texture":"#0"}},"rotation":{"origin":[7.975,16.501574,3.1758194],"angle":-45.0,"axis":"x"}},{"from":[0.5,8.001574,-6.3241806],"to":[15.5,15.001574,3.6758194],"faces":{"east":{"uv":[5.6875,6.5625,6.3125,7.0],"tintindex":0,"rotation":0,"texture":"#0"},"south":{"uv":[5.375,4.875,6.3125,5.3125],"tintindex":0,"rotation":0,"texture":"#0"},"north":{"uv":[5.25,3.0,6.1875,3.4375],"tintindex":0,"rotation":0,"texture":"#0"},"west":{"uv":[6.375,6.5625,7.0,7.0],"tintindex":0,"rotation":0,"texture":"#0"},"up":{"uv":[5.5,4.125,4.5625,3.5],"tintindex":0,"rotation":0,"texture":"#0"},"down":{"uv":[5.5,4.1875,4.5625,4.8125],"tintindex":0,"rotation":0,"texture":"#0"}}}],"display":{"gui":{"rotation":[30,225,0]}}}