{"textures":{"0":"modelengine:entity/stag_rune"},"elements":[{"from":[11.800762,12.10409,17.7608],"to":[12.800762,13.10409,21.2608],"faces":{"east":{"uv":[7.75,1.5625,7.3125,1.6875],"tintindex":0,"rotation":0,"texture":"#0"},"south":{"uv":[2.4375,4.3125,2.3125,4.4375],"tintindex":0,"rotation":0,"texture":"#0"},"north":{"uv":[1.875,4.125,1.75,4.25],"tintindex":0,"rotation":0,"texture":"#0"},"west":{"uv":[7.75,1.375,7.3125,1.5],"tintindex":0,"rotation":0,"texture":"#0"},"up":{"uv":[3.0,7.4375,3.125,7.0],"tintindex":0,"rotation":0,"texture":"#0"},"down":{"uv":[1.4375,7.1875,1.5625,7.625],"tintindex":0,"rotation":0,"texture":"#0"}},"rotation":{"origin":[12.050762,10.60409,15.510799],"angle":-45.0,"axis":"x"}},{"from":[12.648516,16.331146,8.456525],"to":[14.148516,17.831146,11.956525],"faces":{"east":{"uv":[7.125,5.0,6.6875,5.1875],"tintindex":0,"rotation":0,"texture":"#0"},"south":{"uv":[7.6875,7.5,7.5,7.6875],"tintindex":0,"rotation":0,"texture":"#0"},"north":{"uv":[7.6875,7.5,7.5,7.6875],"tintindex":0,"rotation":0,"texture":"#0"},"west":{"uv":[7.125,5.1875,6.6875,5.0],"tintindex":0,"rotation":0,"texture":"#0"},"up":{"uv":[0.0,7.25,0.1875,6.8125],"tintindex":0,"rotation":0,"texture":"#0"},"down":{"uv":[0.1875,7.25,0.0,6.8125],"tintindex":0,"rotation":0,"texture":"#0"}},"rotation":{"origin":[13.661016,16.831146,10.706525],"angle":-22.5,"axis":"x"}},{"from":[2.8242378,12.3977375,14.1043825],"to":[4.324238,16.397738,16.104382],"faces":{"east":{"uv":[4.375,5.9375,4.625,6.4375],"tintindex":0,"rotation":0,"texture":"#0"},"south":{"uv":[5.75,6.6875,5.9375,7.1875],"tintindex":0,"rotation":0,"texture":"#0"},"north":{"uv":[5.75,6.6875,5.9375,7.1875],"tintindex":0,"rotation":0,"texture":"#0"},"west":{"uv":[4.375,5.9375,4.625,6.4375],"tintindex":0,"rotation":0,"texture":"#0"},"up":{"uv":[2.875,7.375,2.6875,7.625],"tintindex":0,"rotation":0,"texture":"#0"},"down":{"uv":[2.875,7.375,2.6875,7.625],"tintindex":0,"rotation":0,"texture":"#0"}},"rotation":{"origin":[3.9492378,13.8977375,15.1043825],"angle":22.5,"axis":"z"}},{"from":[10.938262,9.641485,9.40307],"to":[11.938262,13.141485,10.40307],"faces":{"east":{"uv":[0.6875,7.3125,0.5625,7.75],"tintindex":0,"rotation":0,"texture":"#0"},"south":{"uv":[0.5,7.3125,0.375,7.75],"tintindex":0,"rotation":0,"texture":"#0"},"north":{"uv":[4.75,7.25,4.625,7.6875],"tintindex":0,"rotation":0,"texture":"#0"},"west":{"uv":[6.125,7.25,6.0,7.6875],"tintindex":0,"rotation":0,"texture":"#0"},"up":{"uv":[0.4375,4.5,0.5625,4.375],"tintindex":0,"rotation":0,"texture":"#0"},"down":{"uv":[2.3125,4.5,2.4375,4.625],"tintindex":0,"rotation":0,"texture":"#0"}},"rotation":{"origin":[11.563262,11.266485,10.40307],"angle":-22.5,"axis":"x"}},{"from":[2.088984,16.162693,13.510258],"to":[3.088984,19.662693,14.510258],"faces":{"east":{"uv":[7.3125,2.3125,7.4375,2.75],"tintindex":0,"rotation":0,"texture":"#0"},"south":{"uv":[3.1875,7.3125,3.3125,7.75],"tintindex":0,"rotation":0,"texture":"#0"},"north":{"uv":[2.0,7.3125,2.125,7.75],"tintindex":0,"rotation":0,"texture":"#0"},"west":{"uv":[7.3125,3.5625,7.4375,4.0],"tintindex":0,"rotation":0,"texture":"#0"},"up":{"uv":[1.4375,4.6875,1.3125,4.5625],"tintindex":0,"rotation":0,"texture":"#0"},"down":{"uv":[4.8125,4.125,4.6875,4.25],"tintindex":0,"rotation":0,"texture":"#0"}},"rotation":{"origin":[2.588984,17.412693,14.010258],"angle":-22.5,"axis":"x"}},{"from":[3.4492378,10.927067,13.998413],"to":[4.449238,11.927067,17.498413],"faces":{"east":{"uv":[7.3125,0.3125,7.75,0.4375],"tintindex":0,"rotation":0,"texture":"#0"},"south":{"uv":[1.5625,4.125,1.6875,4.25],"tintindex":0,"rotation":0,"texture":"#0"},"north":{"uv":[1.75,1.4375,1.875,1.5625],"tintindex":0,"rotation":0,"texture":"#0"},"west":{"uv":[7.3125,0.5,7.75,0.625],"tintindex":0,"rotation":0,"texture":"#0"},"up":{"uv":[4.6875,0.4375,4.5625,0.0],"tintindex":0,"rotation":0,"texture":"#0"},"down":{"uv":[2.4375,7.0,2.3125,7.4375],"tintindex":0,"rotation":0,"texture":"#0"}},"rotation":{"origin":[3.9492378,11.927067,13.623413],"angle":22.5,"axis":"x"}},{"from":[4.061738,9.641485,9.40307],"to":[5.061738,13.141485,10.40307],"faces":{"east":{"uv":[6.0,7.25,6.125,7.6875],"tintindex":0,"rotation":0,"texture":"#0"},"south":{"uv":[0.375,7.3125,0.5,7.75],"tintindex":0,"rotation":0,"texture":"#0"},"north":{"uv":[4.625,7.25,4.75,7.6875],"tintindex":0,"rotation":0,"texture":"#0"},"west":{"uv":[0.5625,7.3125,0.6875,7.75],"tintindex":0,"rotation":0,"texture":"#0"},"up":{"uv":[0.5625,4.5,0.4375,4.375],"tintindex":0,"rotation":0,"texture":"#0"},"down":{"uv":[2.4375,4.5,2.3125,4.625],"tintindex":0,"rotation":0,"texture":"#0"}},"rotation":{"origin":[4.436738,11.266485,10.40307],"angle":-22.5,"axis":"x"}},{"from":[9.332107,12.535149,6.4443407],"to":[11.332107,14.535149,10.444341],"faces":{"east":{"uv":[3.4375,5.75,2.9375,6.0],"tintindex":0,"rotation":0,"texture":"#0"},"south":{"uv":[5.0,2.75,4.75,3.0],"tintindex":0,"rotation":0,"texture":"#0"},"north":{"uv":[5.0,2.75,4.75,3.0],"tintindex":0,"rotation":0,"texture":"#0"},"west":{"uv":[3.4375,6.0,2.9375,5.75],"tintindex":0,"rotation":0,"texture":"#0"},"up":{"uv":[0.875,6.25,1.125,5.75],"tintindex":0,"rotation":0,"texture":"#0"},"down":{"uv":[1.125,6.25,0.875,5.75],"tintindex":0,"rotation":0,"texture":"#0"}},"rotation":{"origin":[10.707107,13.535149,8.444341],"angle":45.0,"axis":"y"}},{"from":[6.0,10.919926,5.902277],"to":[7.5,14.419926,7.9022765],"faces":{"east":{"uv":[2.6875,6.375,2.9375,6.8125],"tintindex":0,"rotation":0,"texture":"#0"},"south":{"uv":[4.375,6.75,4.5625,7.1875],"tintindex":0,"rotation":0,"texture":"#0"},"north":{"uv":[4.375,6.75,4.5625,7.1875],"tintindex":0,"rotation":0,"texture":"#0"},"west":{"uv":[2.6875,6.375,2.9375,6.8125],"tintindex":0,"rotation":0,"texture":"#0"},"up":{"uv":[3.125,5.625,2.9375,5.375],"tintindex":0,"rotation":0,"texture":"#0"},"down":{"uv":[2.9375,5.625,3.125,5.375],"tintindex":0,"rotation":0,"texture":"#0"}},"rotation":{"origin":[7.25,13.419926,6.4022765],"angle":22.5,"axis":"x"}},{"from":[11.550762,10.927067,13.998413],"to":[12.550762,11.927067,17.498413],"faces":{"east":{"uv":[7.75,0.5,7.3125,0.625],"tintindex":0,"rotation":0,"texture":"#0"},"south":{"uv":[1.6875,4.125,1.5625,4.25],"tintindex":0,"rotation":0,"texture":"#0"},"north":{"uv":[1.875,1.4375,1.75,1.5625],"tintindex":0,"rotation":0,"texture":"#0"},"west":{"uv":[7.75,0.3125,7.3125,0.4375],"tintindex":0,"rotation":0,"texture":"#0"},"up":{"uv":[4.5625,0.4375,4.6875,0.0],"tintindex":0,"rotation":0,"texture":"#0"},"down":{"uv":[2.3125,7.0,2.4375,7.4375],"tintindex":0,"rotation":0,"texture":"#0"}},"rotation":{"origin":[12.050762,11.927067,13.623413],"angle":22.5,"axis":"x"}},{"from":[8.5,10.919926,5.902277],"to":[10.0,14.419926,7.9022765],"faces":{"east":{"uv":[2.9375,6.375,2.6875,6.8125],"tintindex":0,"rotation":0,"texture":"#0"},"south":{"uv":[4.5625,6.75,4.375,7.1875],"tintindex":0,"rotation":0,"texture":"#0"},"north":{"uv":[4.5625,6.75,4.375,7.1875],"tintindex":0,"rotation":0,"texture":"#0"},"west":{"uv":[2.9375,6.375,2.6875,6.8125],"tintindex":0,"rotation":0,"texture":"#0"},"up":{"uv":[2.9375,5.625,3.125,5.375],"tintindex":0,"rotation":0,"texture":"#0"},"down":{"uv":[3.125,5.625,2.9375,5.375],"tintindex":0,"rotation":0,"texture":"#0"}},"rotation":{"origin":[8.75,13.419926,6.4022765],"angle":22.5,"axis":"x"}},{"from":[1.8514843,16.331146,8.456525],"to":[3.3514843,17.831146,11.956525],"faces":{"east":{"uv":[6.6875,5.1875,7.125,5.0],"tintindex":0,"rotation":0,"texture":"#0"},"south":{"uv":[7.5,7.5,7.6875,7.6875],"tintindex":0,"rotation":0,"texture":"#0"},"north":{"uv":[7.5,7.5,7.6875,7.6875],"tintindex":0,"rotation":0,"texture":"#0"},"west":{"uv":[6.6875,5.0,7.125,5.1875],"tintindex":0,"rotation":0,"texture":"#0"},"up":{"uv":[0.1875,7.25,0.0,6.8125],"tintindex":0,"rotation":0,"texture":"#0"},"down":{"uv":[0.0,7.25,0.1875,6.8125],"tintindex":0,"rotation":0,"texture":"#0"}},"rotation":{"origin":[2.338984,16.831146,10.706525],"angle":-22.5,"axis":"x"}},{"from":[2.936738,11.212694,9.804784],"to":[4.936738,13.212694,13.804784],"faces":{"east":{"uv":[5.9375,5.5,6.4375,5.25],"tintindex":0,"rotation":0,"texture":"#0"},"south":{"uv":[7.0,2.75,7.25,3.0],"tintindex":0,"rotation":0,"texture":"#0"},"north":{"uv":[7.0,2.75,7.25,3.0],"tintindex":0,"rotation":0,"texture":"#0"},"west":{"uv":[5.9375,5.25,6.4375,5.5],"tintindex":0,"rotation":0,"texture":"#0"},"up":{"uv":[6.1875,6.0625,5.9375,5.5625],"tintindex":0,"rotation":0,"texture":"#0"},"down":{"uv":[5.9375,6.0625,6.1875,5.5625],"tintindex":0,"rotation":0,"texture":"#0"}},"rotation":{"origin":[3.936738,12.712694,11.804784],"angle":45.0,"axis":"x"}},{"from":[12.911016,16.162693,13.510258],"to":[13.911016,19.662693,14.510258],"faces":{"east":{"uv":[7.4375,3.5625,7.3125,4.0],"tintindex":0,"rotation":0,"texture":"#0"},"south":{"uv":[3.3125,7.3125,3.1875,7.75],"tintindex":0,"rotation":0,"texture":"#0"},"north":{"uv":[2.125,7.3125,2.0,7.75],"tintindex":0,"rotation":0,"texture":"#0"},"west":{"uv":[7.4375,2.3125,7.3125,2.75],"tintindex":0,"rotation":0,"texture":"#0"},"up":{"uv":[1.3125,4.6875,1.4375,4.5625],"tintindex":0,"rotation":0,"texture":"#0"},"down":{"uv":[4.6875,4.125,4.8125,4.25],"tintindex":0,"rotation":0,"texture":"#0"}},"rotation":{"origin":[13.411016,17.412693,14.010258],"angle":-22.5,"axis":"x"}},{"from":[5.9875,7.4199266,3.402277],"to":[10.0125,11.419926,8.902277],"faces":{"east":{"uv":[4.1875,1.375,3.5,1.875],"tintindex":0,"rotation":0,"texture":"#0"},"south":{"uv":[4.3125,4.3125,4.8125,4.8125],"tintindex":0,"rotation":0,"texture":"#0"},"north":{"uv":[3.75,4.3125,4.25,4.8125],"tintindex":0,"rotation":0,"texture":"#0"},"west":{"uv":[3.5,1.375,4.1875,1.875],"tintindex":0,"rotation":0,"texture":"#0"},"up":{"uv":[1.875,4.0625,1.375,3.375],"tintindex":0,"rotation":0,"texture":"#0"},"down":{"uv":[2.4375,3.5625,1.9375,4.25],"tintindex":0,"rotation":0,"texture":"#0"}}},{"from":[2.9492378,11.0227375,11.6043825],"to":[4.949238,13.0227375,15.6043825],"faces":{"east":{"uv":[5.75,5.1875,6.25,4.9375],"tintindex":0,"rotation":0,"texture":"#0"},"south":{"uv":[2.0,7.0,2.25,7.25],"tintindex":0,"rotation":0,"texture":"#0"},"north":{"uv":[2.0,7.0,2.25,7.25],"tintindex":0,"rotation":0,"texture":"#0"},"west":{"uv":[5.75,4.9375,6.25,5.1875],"tintindex":0,"rotation":0,"texture":"#0"},"up":{"uv":[2.3125,6.4375,2.0625,5.9375],"tintindex":0,"rotation":0,"texture":"#0"},"down":{"uv":[2.0625,6.4375,2.3125,5.9375],"tintindex":0,"rotation":0,"texture":"#0"}},"rotation":{"origin":[3.9492378,12.0227375,13.8543825],"angle":-22.5,"axis":"x"}},{"from":[1.838984,15.654369,11.065282],"to":[3.338984,17.15437,16.06528],"faces":{"east":{"uv":[6.3125,3.1875,6.9375,3.0],"tintindex":0,"rotation":0,"texture":"#0"},"south":{"uv":[7.5,7.25,7.6875,7.4375],"tintindex":0,"rotation":0,"texture":"#0"},"north":{"uv":[7.6875,7.25,7.5,7.4375],"tintindex":0,"rotation":0,"texture":"#0"},"west":{"uv":[6.3125,3.0,6.9375,3.1875],"tintindex":0,"rotation":0,"texture":"#0"},"up":{"uv":[3.4375,6.6875,3.25,6.0625],"tintindex":0,"rotation":0,"texture":"#0"},"down":{"uv":[3.25,6.6875,3.4375,6.0625],"tintindex":0,"rotation":0,"texture":"#0"}},"rotation":{"origin":[2.338984,16.65437,14.065282],"angle":22.5,"axis":"x"}},{"from":[4.6678934,12.535149,6.4443407],"to":[6.6678934,14.535149,10.444341],"faces":{"east":{"uv":[2.9375,6.0,3.4375,5.75],"tintindex":0,"rotation":0,"texture":"#0"},"south":{"uv":[4.75,2.75,5.0,3.0],"tintindex":0,"rotation":0,"texture":"#0"},"north":{"uv":[4.75,2.75,5.0,3.0],"tintindex":0,"rotation":0,"texture":"#0"},"west":{"uv":[2.9375,5.75,3.4375,6.0],"tintindex":0,"rotation":0,"texture":"#0"},"up":{"uv":[1.125,6.25,0.875,5.75],"tintindex":0,"rotation":0,"texture":"#0"},"down":{"uv":[0.875,6.25,1.125,5.75],"tintindex":0,"rotation":0,"texture":"#0"}},"rotation":{"origin":[5.2928934,13.535149,8.444341],"angle":-45.0,"axis":"y"}},{"from":[3.1992378,12.10409,17.7608],"to":[4.199238,13.10409,21.2608],"faces":{"east":{"uv":[7.3125,1.375,7.75,1.5],"tintindex":0,"rotation":0,"texture":"#0"},"south":{"uv":[2.3125,4.3125,2.4375,4.4375],"tintindex":0,"rotation":0,"texture":"#0"},"north":{"uv":[1.75,4.125,1.875,4.25],"tintindex":0,"rotation":0,"texture":"#0"},"west":{"uv":[7.3125,1.5625,7.75,1.6875],"tintindex":0,"rotation":0,"texture":"#0"},"up":{"uv":[3.125,7.4375,3.0,7.0],"tintindex":0,"rotation":0,"texture":"#0"},"down":{"uv":[1.5625,7.1875,1.4375,7.625],"tintindex":0,"rotation":0,"texture":"#0"}},"rotation":{"origin":[3.9492378,10.60409,15.510799],"angle":-45.0,"axis":"x"}},{"from":[11.675762,12.3977375,14.1043825],"to":[13.175762,16.397738,16.104382],"faces":{"east":{"uv":[4.625,5.9375,4.375,6.4375],"tintindex":0,"rotation":0,"texture":"#0"},"south":{"uv":[5.9375,6.6875,5.75,7.1875],"tintindex":0,"rotation":0,"texture":"#0"},"north":{"uv":[5.9375,6.6875,5.75,7.1875],"tintindex":0,"rotation":0,"texture":"#0"},"west":{"uv":[4.625,5.9375,4.375,6.4375],"tintindex":0,"rotation":0,"texture":"#0"},"up":{"uv":[2.6875,7.375,2.875,7.625],"tintindex":0,"rotation":0,"texture":"#0"},"down":{"uv":[2.6875,7.375,2.875,7.625],"tintindex":0,"rotation":0,"texture":"#0"}},"rotation":{"origin":[12.050762,13.8977375,15.1043825],"angle":-22.5,"axis":"z"}},{"from":[6.5,8.419927,1.152277],"to":[9.5,10.919926,5.652277],"faces":{"east":{"uv":[5.25,5.0,4.6875,5.3125],"tintindex":0,"rotation":0,"texture":"#0"},"south":{"uv":[5.625,0.75,6.0,1.125],"tintindex":0,"rotation":0,"texture":"#0"},"north":{"uv":[5.625,0.3125,6.0,0.625],"tintindex":0,"rotation":0,"texture":"#0"},"west":{"uv":[4.6875,5.0,5.25,5.3125],"tintindex":0,"rotation":0,"texture":"#0"},"up":{"uv":[0.375,5.625,0.0,5.0625],"tintindex":0,"rotation":0,"texture":"#0"},"down":{"uv":[5.5,2.75,5.125,3.3125],"tintindex":0,"rotation":0,"texture":"#0"}},"rotation":{"origin":[8.0,9.419927,6.152277],"angle":-22.5,"axis":"x"}},{"from":[11.050762,11.0227375,11.6043825],"to":[13.050762,13.0227375,15.6043825],"faces":{"east":{"uv":[6.25,4.9375,5.75,5.1875],"tintindex":0,"rotation":0,"texture":"#0"},"south":{"uv":[2.25,7.0,2.0,7.25],"tintindex":0,"rotation":0,"texture":"#0"},"north":{"uv":[2.25,7.0,2.0,7.25],"tintindex":0,"rotation":0,"texture":"#0"},"west":{"uv":[6.25,5.1875,5.75,4.9375],"tintindex":0,"rotation":0,"texture":"#0"},"up":{"uv":[2.0625,6.4375,2.3125,5.9375],"tintindex":0,"rotation":0,"texture":"#0"},"down":{"uv":[2.3125,6.4375,2.0625,5.9375],"tintindex":0,"rotation":0,"texture":"#0"}},"rotation":{"origin":[12.050762,12.0227375,13.8543825],"angle":-22.5,"axis":"x"}},{"from":[5.875,11.066374,6.9378104],"to":[5.875,13.566374,12.437811],"faces":{"east":{"uv":[3.875,4.875,3.1875,5.1875],"tintindex":0,"rotation":0,"texture":"#0"},"west":{"uv":[3.1875,4.875,3.875,5.1875],"tintindex":0,"rotation":0,"texture":"#0"}},"rotation":{"origin":[5.75,12.066374,9.687811],"angle":-45.0,"axis":"x"}},{"from":[12.661016,15.654369,11.065282],"to":[14.161016,17.15437,16.06528],"faces":{"east":{"uv":[6.9375,3.0,6.3125,3.1875],"tintindex":0,"rotation":0,"texture":"#0"},"south":{"uv":[7.6875,7.25,7.5,7.4375],"tintindex":0,"rotation":0,"texture":"#0"},"north":{"uv":[7.5,7.25,7.6875,7.4375],"tintindex":0,"rotation":0,"texture":"#0"},"west":{"uv":[6.9375,3.1875,6.3125,3.0],"tintindex":0,"rotation":0,"texture":"#0"},"up":{"uv":[3.25,6.6875,3.4375,6.0625],"tintindex":0,"rotation":0,"texture":"#0"},"down":{"uv":[3.4375,6.6875,3.25,6.0625],"tintindex":0,"rotation":0,"texture":"#0"}},"rotation":{"origin":[13.661016,16.65437,14.065282],"angle":22.5,"axis":"x"}},{"from":[10.125,11.066374,6.9378104],"to":[10.125,13.566374,12.437811],"faces":{"east":{"uv":[3.875,4.875,3.1875,5.1875],"tintindex":0,"rotation":0,"texture":"#0"},"west":{"uv":[3.1875,4.875,3.875,5.1875],"tintindex":0,"rotation":0,"texture":"#0"}},"rotation":{"origin":[10.25,12.066374,9.687811],"angle":-45.0,"axis":"x"}},{"from":[11.063262,11.212694,9.804784],"to":[13.063262,13.212694,13.804784],"faces":{"east":{"uv":[6.4375,5.25,5.9375,5.5],"tintindex":0,"rotation":0,"texture":"#0"},"south":{"uv":[7.25,2.75,7.0,3.0],"tintindex":0,"rotation":0,"texture":"#0"},"north":{"uv":[7.25,2.75,7.0,3.0],"tintindex":0,"rotation":0,"texture":"#0"},"west":{"uv":[6.4375,5.5,5.9375,5.25],"tintindex":0,"rotation":0,"texture":"#0"},"up":{"uv":[5.9375,6.0625,6.1875,5.5625],"tintindex":0,"rotation":0,"texture":"#0"},"down":{"uv":[6.1875,6.0625,5.9375,5.5625],"tintindex":0,"rotation":0,"texture":"#0"}},"rotation":{"origin":[12.063262,12.712694,11.804784],"angle":45.0,"axis":"x"}}],"display":{"gui":{"rotation":[30,225,0]}}}