{"textures":{"0":"modelengine:entity/stag_rune"},"elements":[{"from":[5.889365,0.94525003,4.479864],"to":[10.889365,8.9452505,10.479864],"faces":{"east":{"uv":[5.1875,0.3125,5.5625,0.8125],"tintindex":0,"rotation":0,"texture":"#0"},"south":{"uv":[4.875,5.375,5.1875,5.875],"tintindex":0,"rotation":0,"texture":"#0"},"north":{"uv":[4.5,5.375,4.8125,5.875],"tintindex":0,"rotation":0,"texture":"#0"},"west":{"uv":[5.1875,0.875,5.5625,1.375],"tintindex":0,"rotation":0,"texture":"#0"},"up":{"uv":[6.5625,5.9375,6.25,5.5625],"tintindex":0,"rotation":0,"texture":"#0"},"down":{"uv":[6.5625,6.0,6.25,6.375],"tintindex":0,"rotation":0,"texture":"#0"}},"rotation":{"origin":[8.889365,8.9452505,7.4798636],"angle":-22.5,"axis":"x"}}],"display":{"gui":{"rotation":[30,225,0]}}}