{"textures":{"0":"modelengine:entity/stag_rune"},"elements":[{"from":[5.9929566,0.625,5.456393],"to":[9.992956,8.625,10.456392],"faces":{"east":{"uv":[2.1875,5.375,2.5,5.875],"tintindex":0,"rotation":0,"texture":"#0"},"south":{"uv":[0.0,5.6875,0.25,6.1875],"tintindex":0,"rotation":0,"texture":"#0"},"north":{"uv":[5.625,5.4375,5.875,5.9375],"tintindex":0,"rotation":0,"texture":"#0"},"west":{"uv":[2.5625,5.375,2.875,5.875],"tintindex":0,"rotation":0,"texture":"#0"},"up":{"uv":[4.0,7.1875,3.75,6.875],"tintindex":0,"rotation":0,"texture":"#0"},"down":{"uv":[4.3125,6.875,4.0625,7.1875],"tintindex":0,"rotation":0,"texture":"#0"}}}],"display":{"gui":{"rotation":[30,225,0]}}}