{"textures":{"0":"modelengine:entity/stag_rune"},"elements":[{"from":[4.0,5.8737164,0.5618124],"to":[12.0,18.873716,9.561811],"faces":{"east":{"uv":[0.8125,1.625,1.375,2.4375],"tintindex":0,"rotation":0,"texture":"#0"},"south":{"uv":[2.75,2.125,3.25,2.9375],"tintindex":0,"rotation":0,"texture":"#0"},"north":{"uv":[1.4375,2.5,1.9375,3.3125],"tintindex":0,"rotation":0,"texture":"#0"},"west":{"uv":[1.4375,1.625,2.0,2.4375],"tintindex":0,"rotation":0,"texture":"#0"},"up":{"uv":[4.625,3.625,4.125,3.0625],"tintindex":0,"rotation":0,"texture":"#0"},"down":{"uv":[4.625,3.6875,4.125,4.25],"tintindex":0,"rotation":0,"texture":"#0"}},"rotation":{"origin":[8.0,13.373716,3.3118114],"angle":-22.5,"axis":"x"}}],"display":{"gui":{"rotation":[30,225,0]}}}