{"textures":{"0":"modelengine:entity/stag_demonic"},"elements":[{"from":[1.5,8.854874,4.1440077],"to":[14.5,15.854874,10.144008],"faces":{"east":{"uv":[4.0625,5.25,4.4375,5.6875],"tintindex":0,"rotation":0,"texture":"#0"},"south":{"uv":[3.375,2.5625,4.1875,3.0],"tintindex":0,"rotation":0,"texture":"#0"},"north":{"uv":[3.3125,2.0625,4.125,2.5],"tintindex":0,"rotation":0,"texture":"#0"},"west":{"uv":[5.3125,4.9375,5.6875,5.375],"tintindex":0,"rotation":0,"texture":"#0"},"up":{"uv":[4.6875,0.9375,3.875,0.5625],"tintindex":0,"rotation":0,"texture":"#0"},"down":{"uv":[1.5,4.125,0.6875,4.5],"tintindex":0,"rotation":0,"texture":"#0"}},"rotation":{"origin":[8.5,9.854874,3.1440077],"angle":22.5,"axis":"x"}},{"from":[2.0,4.3548737,-3.3559923],"to":[14.0,15.354874,9.644008],"faces":{"east":{"uv":[0.0,0.875,0.8125,1.5625],"tintindex":0,"rotation":0,"texture":"#0"},"south":{"uv":[1.625,0.0,2.375,0.6875],"tintindex":0,"rotation":0,"texture":"#0"},"north":{"uv":[0.0,1.625,0.75,2.3125],"tintindex":0,"rotation":0,"texture":"#0"},"west":{"uv":[0.875,0.875,1.6875,1.5625],"tintindex":0,"rotation":0,"texture":"#0"},"up":{"uv":[0.75,0.8125,0.0,0.0],"tintindex":0,"rotation":0,"texture":"#0"},"down":{"uv":[1.5625,0.0,0.8125,0.8125],"tintindex":0,"rotation":0,"texture":"#0"}},"rotation":{"origin":[8.0,9.854874,3.1440077],"angle":22.5,"axis":"x"}},{"from":[1.5,17.13608,3.2419605],"to":[14.5,17.13608,7.2419605],"faces":{"up":{"uv":[5.9375,3.625,5.125,3.375],"tintindex":0,"rotation":0,"texture":"#0"},"down":{"uv":[5.9375,3.375,5.125,3.625],"tintindex":0,"rotation":0,"texture":"#0"}},"rotation":{"origin":[8.0,17.13608,4.2419605],"angle":45.0,"axis":"x"}}],"display":{"gui":{"rotation":[30,225,0]}}}