{"textures":{"0":"modelengine:entity/stag_demonic"},"elements":[{"from":[6.011707,2.375,4.9563923],"to":[10.011706,8.375,9.956392],"faces":{"east":{"uv":[6.25,2.5625,6.5625,2.9375],"tintindex":0,"rotation":0,"texture":"#0"},"south":{"uv":[6.6875,4.5625,6.9375,4.9375],"tintindex":0,"rotation":0,"texture":"#0"},"north":{"uv":[6.6875,1.75,6.9375,2.125],"tintindex":0,"rotation":0,"texture":"#0"},"west":{"uv":[6.25,4.375,6.5625,4.75],"tintindex":0,"rotation":0,"texture":"#0"},"up":{"uv":[7.1875,3.5625,6.9375,3.25],"tintindex":0,"rotation":0,"texture":"#0"},"down":{"uv":[6.5,6.9375,6.25,7.25],"tintindex":0,"rotation":0,"texture":"#0"}}}],"display":{"gui":{"rotation":[30,225,0]}}}