{"textures":{"0":"modelengine:entity/stag_demonic"},"elements":[{"from":[3.0375,4.7893734,-3.68371],"to":[12.9625,14.789373,6.3162904],"faces":{"east":{"uv":[2.8125,1.375,3.4375,2.0],"tintindex":0,"rotation":0,"texture":"#0"},"south":{"uv":[2.5,0.6875,3.125,1.3125],"tintindex":0,"rotation":0,"texture":"#0"},"north":{"uv":[2.5,0.6875,3.125,1.3125],"tintindex":0,"rotation":0,"texture":"#0"},"west":{"uv":[2.6875,3.0,3.3125,3.625],"tintindex":0,"rotation":0,"texture":"#0"},"up":{"uv":[0.625,3.75,0.0,3.125],"tintindex":0,"rotation":0,"texture":"#0"},"down":{"uv":[3.8125,0.0,3.1875,0.625],"tintindex":0,"rotation":0,"texture":"#0"}}},{"from":[2.5,15.703587,8.46629],"to":[13.5,21.703587,8.46629],"faces":{"south":{"uv":[3.1875,4.25,2.5,4.625],"tintindex":0,"rotation":0,"texture":"#0"},"north":{"uv":[2.5,4.25,3.1875,4.625],"tintindex":0,"rotation":0,"texture":"#0"}},"rotation":{"origin":[8.0,16.703587,7.4662905],"angle":45.0,"axis":"x"}},{"from":[2.5,4.2893734,-0.5337095],"to":[13.5,7.2893734,2.4662905],"faces":{"east":{"uv":[7.75,5.0,7.9375,5.1875],"tintindex":0,"rotation":0,"texture":"#0"},"south":{"uv":[5.625,2.0625,6.3125,2.25],"tintindex":0,"rotation":0,"texture":"#0"},"north":{"uv":[5.5625,3.125,6.25,3.3125],"tintindex":0,"rotation":0,"texture":"#0"},"west":{"uv":[7.75,5.25,7.9375,5.4375],"tintindex":0,"rotation":0,"texture":"#0"},"up":{"uv":[6.3125,2.5,5.625,2.3125],"tintindex":0,"rotation":0,"texture":"#0"},"down":{"uv":[6.3125,4.125,5.625,4.3125],"tintindex":0,"rotation":0,"texture":"#0"}}},{"from":[2.5,7.2893734,-2.5337095],"to":[13.5,15.289373,7.4662905],"faces":{"east":{"uv":[0.0,3.8125,0.625,4.3125],"tintindex":0,"rotation":0,"texture":"#0"},"south":{"uv":[2.5,3.6875,3.1875,4.1875],"tintindex":0,"rotation":0,"texture":"#0"},"north":{"uv":[3.375,3.625,4.0625,4.125],"tintindex":0,"rotation":0,"texture":"#0"},"west":{"uv":[3.875,0.0,4.5,0.5],"tintindex":0,"rotation":0,"texture":"#0"},"up":{"uv":[3.125,0.625,2.4375,0.0],"tintindex":0,"rotation":0,"texture":"#0"},"down":{"uv":[1.375,2.5,0.6875,3.125],"tintindex":0,"rotation":0,"texture":"#0"}}},{"from":[3.0,4.7893734,2.07365],"to":[13.0,14.789373,13.07365],"faces":{"east":{"uv":[1.75,0.75,2.4375,1.375],"tintindex":0,"rotation":0,"texture":"#0"},"south":{"uv":[3.1875,0.6875,3.8125,1.3125],"tintindex":0,"rotation":0,"texture":"#0"},"north":{"uv":[0.6875,3.1875,1.3125,3.8125],"tintindex":0,"rotation":0,"texture":"#0"},"west":{"uv":[2.0625,1.4375,2.75,2.0625],"tintindex":0,"rotation":0,"texture":"#0"},"up":{"uv":[2.6875,2.8125,2.0625,2.125],"tintindex":0,"rotation":0,"texture":"#0"},"down":{"uv":[0.625,2.375,0.0,3.0625],"tintindex":0,"rotation":0,"texture":"#0"}},"rotation":{"origin":[8.0,9.789373,7.57365],"angle":-22.5,"axis":"x"}}],"display":{"gui":{"rotation":[30,225,0]}}}