{"textures":{"0":"modelengine:entity/hippogryph_crystal"},"elements":[{"from":[6.5,6.25,3.25],"to":[9.5,8.25,8.25],"faces":{"east":{"uv":[4.5,6.875,4.8125,7.0],"tintindex":0,"rotation":0,"texture":"#0"},"south":{"uv":[8.0,1.125,8.1875,1.25],"tintindex":0,"rotation":0,"texture":"#0"},"north":{"uv":[8.0,0.9375,8.1875,1.0625],"tintindex":0,"rotation":0,"texture":"#0"},"west":{"uv":[3.1875,7.9375,3.5,8.0625],"tintindex":0,"rotation":0,"texture":"#0"},"up":{"uv":[7.5,8.0625,7.3125,7.75],"tintindex":0,"rotation":0,"texture":"#0"},"down":{"uv":[3.75,7.8125,3.5625,8.125],"tintindex":0,"rotation":0,"texture":"#0"}}}],"display":{"gui":{"rotation":[30,225,0]}}}