{"textures":{"0":"modelengine:entity/hippogryph_crystal"},"elements":[{"from":[6.0,1.8413744,5.842535],"to":[10.0,9.841374,9.842536],"faces":{"east":{"uv":[0.625,7.4375,0.875,7.9375],"tintindex":0,"rotation":0,"texture":"#0"},"south":{"uv":[2.875,7.3125,3.125,7.8125],"tintindex":0,"rotation":0,"texture":"#0"},"north":{"uv":[2.875,7.3125,3.125,7.8125],"tintindex":0,"rotation":0,"texture":"#0"},"west":{"uv":[0.625,7.4375,0.875,7.9375],"tintindex":0,"rotation":0,"texture":"#0"},"up":{"uv":[6.9375,8.0,6.6875,7.75],"tintindex":0,"rotation":0,"texture":"#0"},"down":{"uv":[6.9375,8.0,6.6875,7.75],"tintindex":0,"rotation":0,"texture":"#0"}},"rotation":{"origin":[8.5,8.341374,4.842535],"angle":22.5,"axis":"x"}}],"display":{"gui":{"rotation":[30,225,0]}}}