{"textures":{"0":"modelengine:entity/hippogryph_crystal"},"elements":[{"from":[10.6735,-3.1444416,6.7569833],"to":[10.6735,11.855558,16.756983],"faces":{"east":{"uv":[5.1875,2.5,4.5625,3.4375],"tintindex":0,"rotation":0,"texture":"#0"},"west":{"uv":[4.5625,2.5,5.1875,3.4375],"tintindex":0,"rotation":0,"texture":"#0"}},"rotation":{"origin":[10.6735,3.3055573,11.781983],"angle":-22.5,"axis":"x"}},{"from":[4.6984997,-1.0528793,6.3657055],"to":[10.6985,8.947121,12.3657055],"faces":{"east":{"uv":[3.5625,6.8125,3.1875,7.4375],"tintindex":0,"rotation":0,"texture":"#0"},"south":{"uv":[7.0,5.875,6.625,6.5],"tintindex":0,"rotation":0,"texture":"#0"},"north":{"uv":[7.0,5.875,6.625,6.5],"tintindex":0,"rotation":0,"texture":"#0"},"west":{"uv":[3.5625,6.8125,3.1875,7.4375],"tintindex":0,"rotation":0,"texture":"#0"},"up":{"uv":[5.25,7.6875,5.625,7.3125],"tintindex":0,"rotation":0,"texture":"#0"},"down":{"uv":[5.25,7.6875,5.625,7.3125],"tintindex":0,"rotation":0,"texture":"#0"}},"rotation":{"origin":[7.6984997,3.9471207,9.3657055],"angle":-22.5,"axis":"x"}}],"display":{"gui":{"rotation":[30,225,0]}}}