{"textures":{"0":"modelengine:entity/stag_void"},"elements":[{"from":[6.5,3.4950924,7.3786793],"to":[9.5,6.4950924,16.378681],"faces":{"east":{"uv":[4.375,6.5,4.9375,6.6875],"tintindex":0,"rotation":0,"texture":"#0"},"south":{"uv":[4.125,7.75,4.3125,7.9375],"tintindex":0,"rotation":0,"texture":"#0"},"north":{"uv":[7.75,4.0,7.9375,4.1875],"tintindex":0,"rotation":0,"texture":"#0"},"west":{"uv":[6.5,5.25,7.0625,5.4375],"tintindex":0,"rotation":0,"texture":"#0"},"up":{"uv":[3.1875,6.9375,3.0,6.375],"tintindex":0,"rotation":0,"texture":"#0"},"down":{"uv":[1.3125,6.5625,1.125,7.125],"tintindex":0,"rotation":0,"texture":"#0"}},"rotation":{"origin":[8.0,6.4950924,11.378679],"angle":45.0,"axis":"x"}}],"display":{"gui":{"rotation":[30,225,0]}}}