{"textures":{"0":"modelengine:entity/magical_blade"},"elements":[{"from":[7.979,5.860756,-11.250164],"to":[7.979,10.060756,11.429836],"faces":{"east":{"uv":[12.75,0.0,6.0,1.25],"tintindex":0,"rotation":0,"texture":"#0"},"west":{"uv":[6.0,0.0,12.75,1.25],"tintindex":0,"rotation":0,"texture":"#0"}}},{"from":[7.16,5.440756,10.589836],"to":[8.84,10.480756,12.269836],"faces":{"east":{"uv":[2.75,7.0,2.25,8.5],"tintindex":0,"rotation":0,"texture":"#0"},"south":{"uv":[2.0,7.0,1.5,8.5],"tintindex":0,"rotation":0,"texture":"#0"},"north":{"uv":[0.5,7.0,0.0,8.5],"tintindex":0,"rotation":0,"texture":"#0"},"west":{"uv":[1.25,7.0,0.75,8.5],"tintindex":0,"rotation":0,"texture":"#0"},"up":{"uv":[7.0,6.25,7.5,5.75],"tintindex":0,"rotation":0,"texture":"#0"},"down":{"uv":[6.0,7.0,6.5,7.5],"tintindex":0,"rotation":0,"texture":"#0"}}},{"from":[8.021,5.860756,-11.250164],"to":[8.021,10.060756,11.429836],"faces":{"east":{"uv":[12.75,0.0,6.0,1.25],"tintindex":0,"rotation":0,"texture":"#0"},"west":{"uv":[6.0,0.0,12.75,1.25],"tintindex":0,"rotation":0,"texture":"#0"}}},{"from":[7.16,6.700756,17.309837],"to":[8.84,9.220756,18.989836],"faces":{"east":{"uv":[7.5,4.75,7.0,5.5],"tintindex":0,"rotation":0,"texture":"#0"},"south":{"uv":[5.0,7.0,4.5,7.75],"tintindex":0,"rotation":0,"texture":"#0"},"north":{"uv":[3.5,7.0,3.0,7.75],"tintindex":0,"rotation":0,"texture":"#0"},"west":{"uv":[4.25,7.0,3.75,7.75],"tintindex":0,"rotation":0,"texture":"#0"},"up":{"uv":[7.0,7.0,7.5,6.5],"tintindex":0,"rotation":0,"texture":"#0"},"down":{"uv":[6.75,7.25,7.25,7.75],"tintindex":0,"rotation":0,"texture":"#0"}}},{"from":[8.0,6.3979673,-10.22702],"to":[8.0,10.912967,-7.3710213],"faces":{"east":{"uv":[10.75,2.5,8.75,3.75],"tintindex":0,"rotation":0,"texture":"#0"},"west":{"uv":[8.75,2.5,10.75,3.75],"tintindex":0,"rotation":0,"texture":"#0"}},"rotation":{"origin":[8.0,8.655467,-8.799021],"angle":45.0,"axis":"x"}},{"from":[7.16,7.120756,12.269836],"to":[8.84,8.800756,17.309837],"faces":{"east":{"uv":[7.5,2.25,6.0,2.75],"tintindex":0,"rotation":0,"texture":"#0"},"south":{"uv":[5.75,7.0,5.25,7.5],"tintindex":0,"rotation":0,"texture":"#0"},"north":{"uv":[6.5,4.75,6.0,5.25],"tintindex":0,"rotation":0,"texture":"#0"},"west":{"uv":[7.5,1.5,6.0,2.0],"tintindex":0,"rotation":0,"texture":"#0"},"up":{"uv":[6.0,4.5,6.5,3.0],"tintindex":0,"rotation":0,"texture":"#0"},"down":{"uv":[6.75,3.0,7.25,4.5],"tintindex":0,"rotation":0,"texture":"#0"}}}],"display":{"gui":{"rotation":[30,225,0]}}}