{"textures":{"0":"modelengine:entity/raptor_red"},"elements":[{"from":[4.5,8.375,-3.75],"to":[11.5,13.375,3.25],"faces":{"east":{"uv":[9.875,4.0,10.75,4.625],"tintindex":0,"rotation":0,"texture":"#0"},"south":{"uv":[9.875,4.75,10.75,5.375],"tintindex":0,"rotation":0,"texture":"#0"},"north":{"uv":[9.875,3.25,10.75,3.875],"tintindex":0,"rotation":0,"texture":"#0"},"west":{"uv":[9.875,8.0,10.75,8.625],"tintindex":0,"rotation":0,"texture":"#0"},"up":{"uv":[2.375,9.25,1.5,8.375],"tintindex":0,"rotation":0,"texture":"#0"},"down":{"uv":[6.75,8.375,5.875,9.25],"tintindex":0,"rotation":0,"texture":"#0"}}},{"from":[4.5,6.375,3.25],"to":[11.5,13.375,10.249999],"faces":{"east":{"uv":[2.5,8.5,3.375,9.375],"tintindex":0,"rotation":0,"texture":"#0"},"south":{"uv":[0.0,8.75,0.875,9.625],"tintindex":0,"rotation":0,"texture":"#0"},"north":{"uv":[7.875,8.375,8.75,9.25],"tintindex":0,"rotation":0,"texture":"#0"},"west":{"uv":[8.875,8.375,9.75,9.25],"tintindex":0,"rotation":0,"texture":"#0"},"up":{"uv":[9.875,0.875,9.0,0.0],"tintindex":0,"rotation":0,"texture":"#0"},"down":{"uv":[9.875,1.0,9.0,1.875],"tintindex":0,"rotation":0,"texture":"#0"}}},{"from":[8.0,13.375,-3.75],"to":[8.0,18.375,7.25],"faces":{"east":{"uv":[7.25,4.5,8.625,5.125],"tintindex":0,"rotation":0,"texture":"#0"},"west":{"uv":[6.375,7.625,7.75,8.25],"tintindex":0,"rotation":0,"texture":"#0"}}}],"display":{"gui":{"rotation":[30,225,0]}}}