{"textures":{"0":"modelengine:entity/raptor_red"},"elements":[{"from":[4.55,7.128689,3.860981],"to":[11.45,20.128689,10.86098],"faces":{"east":{"uv":[0.0,4.125,0.875,5.75],"tintindex":0,"rotation":0,"texture":"#0"},"south":{"uv":[2.5,4.125,3.375,5.75],"tintindex":0,"rotation":0,"texture":"#0"},"north":{"uv":[1.5,3.5,2.375,5.125],"tintindex":0,"rotation":0,"texture":"#0"},"west":{"uv":[3.5,4.125,4.375,5.75],"tintindex":0,"rotation":0,"texture":"#0"},"up":{"uv":[9.0,4.25,8.125,3.375],"tintindex":0,"rotation":0,"texture":"#0"},"down":{"uv":[9.125,5.25,8.25,6.125],"tintindex":0,"rotation":0,"texture":"#0"}},"rotation":{"origin":[8.05,9.628689,9.36098],"angle":-22.5,"axis":"x"}}],"display":{"gui":{"rotation":[30,225,0]}}}