{"textures":{"0":"modelengine:entity/raptor_red"},"elements":[{"from":[4.2535715,-0.47340107,2.047081],"to":[10.2535715,9.5266,11.047081],"faces":{"east":{"uv":[4.5,1.375,5.625,2.625],"tintindex":0,"rotation":0,"texture":"#0"},"south":{"uv":[3.25,7.125,4.0,8.375],"tintindex":0,"rotation":0,"texture":"#0"},"north":{"uv":[3.25,7.125,4.0,8.375],"tintindex":0,"rotation":0,"texture":"#0"},"west":{"uv":[4.5,1.375,5.625,2.625],"tintindex":0,"rotation":0,"texture":"#0"},"up":{"uv":[8.875,2.0,8.125,0.875],"tintindex":0,"rotation":0,"texture":"#0"},"down":{"uv":[8.875,0.875,8.125,2.0],"tintindex":0,"rotation":0,"texture":"#0"}},"rotation":{"origin":[7.2535715,4.526599,6.547081],"angle":22.5,"axis":"x"}}],"display":{"gui":{"rotation":[30,225,0]}}}