{"textures":{"0":"modelengine:entity/raptor_red"},"elements":[{"from":[6.0,-1.352478,7.898058],"to":[10.0,9.647522,11.898058],"faces":{"east":{"uv":[9.25,4.5,9.75,5.875],"tintindex":0,"rotation":0,"texture":"#0"},"south":{"uv":[1.0,9.375,1.5,10.75],"tintindex":0,"rotation":0,"texture":"#0"},"north":{"uv":[3.5,8.5,4.0,9.875],"tintindex":0,"rotation":0,"texture":"#0"},"west":{"uv":[1.625,9.375,2.125,10.75],"tintindex":0,"rotation":0,"texture":"#0"},"up":{"uv":[3.0,4.0,2.5,3.5],"tintindex":0,"rotation":0,"texture":"#0"},"down":{"uv":[1.5,10.875,1.0,11.375],"tintindex":0,"rotation":0,"texture":"#0"}},"rotation":{"origin":[8.0,4.147522,10.898058],"angle":-22.5,"axis":"x"}}],"display":{"gui":{"rotation":[30,225,0]}}}