{"textures":{"0":"modelengine:entity/raptor_nightmare"},"elements":[{"from":[5.0,5.875,3.25],"to":[11.0,8.875,9.25],"faces":{"east":{"uv":[0.75,7.5,0.0,7.875],"tintindex":0,"rotation":0,"texture":"#0"},"south":{"uv":[8.0,5.25,7.25,5.625],"tintindex":0,"rotation":0,"texture":"#0"},"north":{"uv":[8.0,5.25,7.25,5.625],"tintindex":0,"rotation":0,"texture":"#0"},"west":{"uv":[0.75,7.5,0.0,7.875],"tintindex":0,"rotation":0,"texture":"#0"},"up":{"uv":[4.75,10.25,5.5,9.5],"tintindex":0,"rotation":0,"texture":"#0"},"down":{"uv":[4.75,10.25,5.5,9.5],"tintindex":0,"rotation":0,"texture":"#0"}}},{"from":[10.975,5.875,-0.75],"to":[10.975,9.875,5.25],"faces":{"east":{"uv":[10.375,10.5,11.125,11.0],"tintindex":0,"rotation":0,"texture":"#0"},"west":{"uv":[11.125,10.5,10.375,11.0],"tintindex":0,"rotation":0,"texture":"#0"}}},{"from":[5.0249996,5.875,-0.75],"to":[5.0249996,9.875,5.25],"faces":{"east":{"uv":[10.375,10.5,11.125,11.0],"tintindex":0,"rotation":0,"texture":"#0"},"west":{"uv":[11.125,10.5,10.375,11.0],"tintindex":0,"rotation":0,"texture":"#0"}}},{"from":[8.0,5.875,-0.75],"to":[8.0,9.875,5.25],"faces":{"east":{"uv":[10.375,10.5,11.125,11.0],"tintindex":0,"rotation":0,"texture":"#0"},"west":{"uv":[11.125,10.5,10.375,11.0],"tintindex":0,"rotation":0,"texture":"#0"}}}],"display":{"gui":{"rotation":[30,225,0]}}}