{"textures":{"0":"modelengine:entity/raptor_nightmare"},"elements":[{"from":[6.3958335,-0.5905638,4.968274],"to":[10.395834,8.409437,10.968273],"faces":{"east":{"uv":[4.875,8.125,4.125,9.25],"tintindex":0,"rotation":0,"texture":"#0"},"south":{"uv":[0.5,9.75,0.0,10.875],"tintindex":0,"rotation":0,"texture":"#0"},"north":{"uv":[0.5,9.75,0.0,10.875],"tintindex":0,"rotation":0,"texture":"#0"},"west":{"uv":[4.875,8.125,4.125,9.25],"tintindex":0,"rotation":0,"texture":"#0"},"up":{"uv":[10.75,1.375,11.25,0.625],"tintindex":0,"rotation":0,"texture":"#0"},"down":{"uv":[10.75,1.375,11.25,0.625],"tintindex":0,"rotation":0,"texture":"#0"}}}],"display":{"gui":{"rotation":[30,225,0]}}}