{"textures":{"0":"modelengine:entity/raptor_nightmare"},"elements":[{"from":[5.7464285,-0.47340107,2.047081],"to":[11.7464285,9.5266,11.047081],"faces":{"east":{"uv":[5.625,1.375,4.5,2.625],"tintindex":0,"rotation":0,"texture":"#0"},"south":{"uv":[4.0,7.125,3.25,8.375],"tintindex":0,"rotation":0,"texture":"#0"},"north":{"uv":[4.0,7.125,3.25,8.375],"tintindex":0,"rotation":0,"texture":"#0"},"west":{"uv":[5.625,1.375,4.5,2.625],"tintindex":0,"rotation":0,"texture":"#0"},"up":{"uv":[8.125,2.0,8.875,0.875],"tintindex":0,"rotation":0,"texture":"#0"},"down":{"uv":[8.125,0.875,8.875,2.0],"tintindex":0,"rotation":0,"texture":"#0"}},"rotation":{"origin":[8.7464285,4.526599,6.547081],"angle":22.5,"axis":"x"}}],"display":{"gui":{"rotation":[30,225,0]}}}