{"textures":{"0":"modelengine:entity/phoenix"},"elements":[{"from":[5.0,5.0,4.5],"to":[11.0,11.0,13.5],"faces":{"east":{"uv":[6.25,1.1875,6.8125,1.5625],"tintindex":0,"rotation":0,"texture":"#0"},"south":{"uv":[6.3125,2.25,6.6875,2.625],"tintindex":0,"rotation":0,"texture":"#0"},"north":{"uv":[6.3125,0.625,6.6875,1.0],"tintindex":0,"rotation":0,"texture":"#0"},"west":{"uv":[1.875,6.25,2.4375,6.625],"tintindex":0,"rotation":0,"texture":"#0"},"up":{"uv":[2.875,6.8125,2.5,6.25],"tintindex":0,"rotation":0,"texture":"#0"},"down":{"uv":[6.6875,1.625,6.3125,2.1875],"tintindex":0,"rotation":0,"texture":"#0"}}}],"display":{"gui":{"rotation":[30,225,0]}}}