{"textures":{"0":"modelengine:entity/phoenix"},"elements":[{"from":[1.5,-1.0226583,16.113049],"to":[7.5,4.9773417,16.113049],"faces":{"south":{"uv":[6.6875,2.6875,6.3125,3.0625],"tintindex":0,"rotation":0,"texture":"#0"},"north":{"uv":[6.3125,2.6875,6.6875,3.0625],"tintindex":0,"rotation":0,"texture":"#0"}},"rotation":{"origin":[4.5,2.202341,16.913048],"angle":-45.0,"axis":"x"}},{"from":[4.0,4.0,-0.75],"to":[12.0,12.0,8.25],"faces":{"east":{"uv":[3.0625,5.625,3.625,6.125],"tintindex":0,"rotation":0,"texture":"#0"},"south":{"uv":[5.4375,5.8125,5.9375,6.3125],"tintindex":0,"rotation":0,"texture":"#0"},"north":{"uv":[4.875,5.8125,5.375,6.3125],"tintindex":0,"rotation":0,"texture":"#0"},"west":{"uv":[5.6875,0.625,6.25,1.125],"tintindex":0,"rotation":0,"texture":"#0"},"up":{"uv":[6.1875,1.75,5.6875,1.1875],"tintindex":0,"rotation":0,"texture":"#0"},"down":{"uv":[4.1875,5.75,3.6875,6.3125],"tintindex":0,"rotation":0,"texture":"#0"}}},{"from":[3.5,4.3561068,10.502643],"to":[5.5,4.3561068,14.502643],"faces":{"up":{"uv":[4.0625,7.25,3.9375,7.0],"tintindex":0,"rotation":0,"texture":"#0"},"down":{"uv":[4.0625,7.0,3.9375,7.25],"tintindex":0,"rotation":0,"texture":"#0"}},"rotation":{"origin":[4.5,4.3561068,12.502643],"angle":22.5,"axis":"x"}},{"from":[3.0,4.4050856,5.8093104],"to":[6.0,7.4050856,10.809311],"faces":{"east":{"uv":[1.4375,6.4375,1.75,6.625],"tintindex":0,"rotation":0,"texture":"#0"},"south":{"uv":[3.6875,7.0,3.875,7.1875],"tintindex":0,"rotation":0,"texture":"#0"},"north":{"uv":[7.0,3.5,7.1875,3.6875],"tintindex":0,"rotation":0,"texture":"#0"},"west":{"uv":[6.75,3.25,7.0625,3.4375],"tintindex":0,"rotation":0,"texture":"#0"},"up":{"uv":[6.9375,3.8125,6.75,3.5],"tintindex":0,"rotation":0,"texture":"#0"},"down":{"uv":[6.9375,3.875,6.75,4.1875],"tintindex":0,"rotation":0,"texture":"#0"}},"rotation":{"origin":[4.5,5.9050856,8.309311],"angle":22.5,"axis":"x"}},{"from":[10.0,4.4050856,5.8093104],"to":[13.0,7.4050856,10.809311],"faces":{"east":{"uv":[7.0625,3.25,6.75,3.4375],"tintindex":0,"rotation":0,"texture":"#0"},"south":{"uv":[3.875,7.0,3.6875,7.1875],"tintindex":0,"rotation":0,"texture":"#0"},"north":{"uv":[7.1875,3.5,7.0,3.6875],"tintindex":0,"rotation":0,"texture":"#0"},"west":{"uv":[1.75,6.4375,1.4375,6.625],"tintindex":0,"rotation":0,"texture":"#0"},"up":{"uv":[6.75,3.8125,6.9375,3.5],"tintindex":0,"rotation":0,"texture":"#0"},"down":{"uv":[6.75,3.875,6.9375,4.1875],"tintindex":0,"rotation":0,"texture":"#0"}},"rotation":{"origin":[11.5,5.9050856,8.309311],"angle":22.5,"axis":"x"}},{"from":[8.5,-1.0226583,16.113049],"to":[14.5,4.9773417,16.113049],"faces":{"south":{"uv":[6.3125,2.6875,6.6875,3.0625],"tintindex":0,"rotation":0,"texture":"#0"},"north":{"uv":[6.6875,2.6875,6.3125,3.0625],"tintindex":0,"rotation":0,"texture":"#0"}},"rotation":{"origin":[11.5,2.202341,16.913048],"angle":-45.0,"axis":"x"}},{"from":[10.5,4.3561068,10.502643],"to":[12.5,4.3561068,14.502643],"faces":{"up":{"uv":[3.9375,7.25,4.0625,7.0],"tintindex":0,"rotation":0,"texture":"#0"},"down":{"uv":[3.9375,7.0,4.0625,7.25],"tintindex":0,"rotation":0,"texture":"#0"}},"rotation":{"origin":[11.5,4.3561068,12.502643],"angle":22.5,"axis":"x"}}],"display":{"gui":{"rotation":[30,225,0]}}}