{"textures":{"0":"modelengine:entity/phoenix"},"elements":[{"from":[7.0,6.735793,-0.97031593],"to":[9.0,8.735793,2.029684],"faces":{"east":{"uv":[7.0,6.5,7.1875,6.625],"tintindex":0,"rotation":0,"texture":"#0"},"south":{"uv":[7.125,3.125,7.25,3.25],"tintindex":0,"rotation":0,"texture":"#0"},"north":{"uv":[3.0625,7.125,3.1875,7.25],"tintindex":0,"rotation":0,"texture":"#0"},"west":{"uv":[7.0625,2.9375,7.25,3.0625],"tintindex":0,"rotation":0,"texture":"#0"},"up":{"uv":[6.125,7.25,6.0,7.0625],"tintindex":0,"rotation":0,"texture":"#0"},"down":{"uv":[6.3125,7.0625,6.1875,7.25],"tintindex":0,"rotation":0,"texture":"#0"}}},{"from":[8.0,10.735793,2.029684],"to":[8.0,19.735794,20.029684],"faces":{"east":{"uv":[1.875,5.625,3.0,6.1875],"tintindex":0,"rotation":0,"texture":"#0"},"west":{"uv":[5.6875,0.0,6.8125,0.5625],"tintindex":0,"rotation":0,"texture":"#0"}}},{"from":[7.0125,7.3494463,-0.14210701],"to":[8.9875,9.349446,2.857893],"faces":{"east":{"uv":[6.375,7.0625,6.5625,7.1875],"tintindex":0,"rotation":0,"texture":"#0"},"south":{"uv":[7.3125,2.9375,7.4375,3.0625],"tintindex":0,"rotation":0,"texture":"#0"},"north":{"uv":[2.25,7.3125,2.375,7.4375],"tintindex":0,"rotation":0,"texture":"#0"},"west":{"uv":[6.625,7.0625,6.8125,7.1875],"tintindex":0,"rotation":0,"texture":"#0"},"up":{"uv":[7.0,7.25,6.875,7.0625],"tintindex":0,"rotation":0,"texture":"#0"},"down":{"uv":[7.1875,7.0625,7.0625,7.25],"tintindex":0,"rotation":0,"texture":"#0"}},"rotation":{"origin":[8.0,8.349446,1.357893],"angle":-22.5,"axis":"x"}},{"from":[12.678783,5.735793,7.4968395],"to":[12.678783,17.735794,21.496841],"faces":{"east":{"uv":[1.8125,5.625,0.9375,6.375],"tintindex":0,"rotation":0,"texture":"#0"},"west":{"uv":[0.9375,5.625,1.8125,6.375],"tintindex":0,"rotation":0,"texture":"#0"}},"rotation":{"origin":[12.678783,11.735793,14.4968405],"angle":22.5,"axis":"y"}},{"from":[7.0,4.735793,-1.9703159],"to":[9.0,8.735793,-0.97031593],"faces":{"east":{"uv":[2.9375,6.25,3.0,6.5],"tintindex":0,"rotation":0,"texture":"#0"},"south":{"uv":[2.625,7.0625,2.75,7.3125],"tintindex":0,"rotation":0,"texture":"#0"},"north":{"uv":[2.4375,7.0625,2.5625,7.3125],"tintindex":0,"rotation":0,"texture":"#0"},"west":{"uv":[2.9375,6.5625,3.0,6.8125],"tintindex":0,"rotation":0,"texture":"#0"},"up":{"uv":[3.9375,7.375,3.8125,7.3125],"tintindex":0,"rotation":0,"texture":"#0"},"down":{"uv":[4.625,7.3125,4.5,7.375],"tintindex":0,"rotation":0,"texture":"#0"}}},{"from":[5.5,5.735793,2.029684],"to":[10.5,10.735793,8.029684],"faces":{"east":{"uv":[6.6875,6.3125,6.3125,6.625],"tintindex":0,"rotation":0,"texture":"#0"},"south":{"uv":[5.625,6.375,5.9375,6.6875],"tintindex":0,"rotation":0,"texture":"#0"},"north":{"uv":[5.25,6.375,5.5625,6.6875],"tintindex":0,"rotation":0,"texture":"#0"},"west":{"uv":[6.3125,6.3125,6.6875,6.625],"tintindex":0,"rotation":0,"texture":"#0"},"up":{"uv":[4.0,6.75,3.6875,6.375],"tintindex":0,"rotation":0,"texture":"#0"},"down":{"uv":[5.1875,6.375,4.875,6.75],"tintindex":0,"rotation":0,"texture":"#0"}}},{"from":[3.321216,5.735793,7.4968395],"to":[3.321216,17.735794,21.496841],"faces":{"east":{"uv":[1.8125,5.625,0.9375,6.375],"tintindex":0,"rotation":0,"texture":"#0"},"west":{"uv":[0.9375,5.625,1.8125,6.375],"tintindex":0,"rotation":0,"texture":"#0"}},"rotation":{"origin":[3.321216,11.735793,14.4968405],"angle":-22.5,"axis":"y"}}],"display":{"gui":{"rotation":[30,225,0]}}}