{"textures":{"0":"modelengine:entity/phoenix"},"elements":[{"from":[6.0,5.8762608,3.2486086],"to":[10.0,9.876261,8.248609],"faces":{"east":{"uv":[0.0,6.4375,0.3125,6.6875],"tintindex":0,"rotation":0,"texture":"#0"},"south":{"uv":[6.75,2.9375,7.0,3.1875],"tintindex":0,"rotation":0,"texture":"#0"},"north":{"uv":[2.125,6.6875,2.375,6.9375],"tintindex":0,"rotation":0,"texture":"#0"},"west":{"uv":[0.375,6.4375,0.6875,6.6875],"tintindex":0,"rotation":0,"texture":"#0"},"up":{"uv":[4.25,3.25,4.0,2.9375],"tintindex":0,"rotation":0,"texture":"#0"},"down":{"uv":[4.25,3.3125,4.0,3.625],"tintindex":0,"rotation":0,"texture":"#0"}}}],"display":{"gui":{"rotation":[30,225,0]}}}