{"textures":{"0":"modelengine:entity/phoenix"},"elements":[{"from":[5.5,7.5,7.9997478],"to":[9.5,8.5,21.999748],"faces":{"east":{"uv":[6.875,1.3125,7.75,1.375],"tintindex":0,"rotation":0,"texture":"#0"},"south":{"uv":[5.0625,7.1875,5.3125,7.25],"tintindex":0,"rotation":0,"texture":"#0"},"north":{"uv":[4.75,7.1875,5.0,7.25],"tintindex":0,"rotation":0,"texture":"#0"},"west":{"uv":[6.875,1.4375,7.75,1.5],"tintindex":0,"rotation":0,"texture":"#0"},"up":{"uv":[3.3125,7.0625,3.0625,6.1875],"tintindex":0,"rotation":0,"texture":"#0"},"down":{"uv":[3.3125,6.1875,3.0625,7.0625],"tintindex":0,"rotation":0,"texture":"#0"}}}],"display":{"gui":{"rotation":[30,225,0]}}}