{"textures":{"0":"modelengine:entity/stag_heavenly"},"elements":[{"from":[5.278669,5.025,3.6331983],"to":[8.278669,7.975,6.6331983],"faces":{"east":{"uv":[4.8125,7.4375,5.0,7.625],"tintindex":0,"rotation":0,"texture":"#0"},"south":{"uv":[5.0625,7.4375,5.25,7.625],"tintindex":0,"rotation":0,"texture":"#0"},"north":{"uv":[3.5,7.0,3.6875,7.1875],"tintindex":0,"rotation":0,"texture":"#0"},"west":{"uv":[5.3125,7.4375,5.5,7.625],"tintindex":0,"rotation":0,"texture":"#0"},"up":{"uv":[7.625,7.1875,7.4375,7.0],"tintindex":0,"rotation":0,"texture":"#0"},"down":{"uv":[2.375,7.5,2.1875,7.6875],"tintindex":0,"rotation":0,"texture":"#0"}},"rotation":{"origin":[6.528669,6.5,4.6331983],"angle":22.5,"axis":"y"}},{"from":[7.5584106,5.05,3.5586762],"to":[10.558411,7.95,6.5586762],"faces":{"east":{"uv":[4.8125,7.4375,5.0,7.625],"tintindex":0,"rotation":0,"texture":"#0"},"south":{"uv":[5.0625,7.4375,5.25,7.625],"tintindex":0,"rotation":0,"texture":"#0"},"north":{"uv":[3.5,7.0,3.6875,7.1875],"tintindex":0,"rotation":0,"texture":"#0"},"west":{"uv":[5.3125,7.4375,5.5,7.625],"tintindex":0,"rotation":0,"texture":"#0"},"up":{"uv":[7.625,7.1875,7.4375,7.0],"tintindex":0,"rotation":0,"texture":"#0"},"down":{"uv":[2.375,7.5,2.1875,7.6875],"tintindex":0,"rotation":0,"texture":"#0"}},"rotation":{"origin":[9.058411,6.475,5.0586762],"angle":-22.5,"axis":"y"}},{"from":[5.4906087,5.0,5.441857],"to":[10.490608,8.0,10.441856],"faces":{"east":{"uv":[7.0625,7.0625,7.375,7.25],"tintindex":0,"rotation":0,"texture":"#0"},"south":{"uv":[7.125,5.25,7.4375,5.4375],"tintindex":0,"rotation":0,"texture":"#0"},"north":{"uv":[7.0625,1.125,7.375,1.3125],"tintindex":0,"rotation":0,"texture":"#0"},"west":{"uv":[1.0625,7.1875,1.375,7.375],"tintindex":0,"rotation":0,"texture":"#0"},"up":{"uv":[4.1875,1.3125,3.875,1.0],"tintindex":0,"rotation":0,"texture":"#0"},"down":{"uv":[6.875,3.25,6.5625,3.5625],"tintindex":0,"rotation":0,"texture":"#0"}}}],"display":{"gui":{"rotation":[30,225,0]}}}