{"textures":{"0":"modelengine:entity/stag_heavenly"},"elements":[{"from":[5.7743654,-1.2999992,4.875114],"to":[11.774365,8.700001,10.875114],"faces":{"east":{"uv":[2.3125,4.6875,2.6875,5.3125],"tintindex":0,"rotation":0,"texture":"#0"},"south":{"uv":[2.75,4.6875,3.125,5.3125],"tintindex":0,"rotation":0,"texture":"#0"},"north":{"uv":[0.875,4.5625,1.25,5.1875],"tintindex":0,"rotation":0,"texture":"#0"},"west":{"uv":[4.6875,3.0625,5.0625,3.6875],"tintindex":0,"rotation":0,"texture":"#0"},"up":{"uv":[5.8125,4.0625,5.4375,3.6875],"tintindex":0,"rotation":0,"texture":"#0"},"down":{"uv":[5.875,4.5,5.5,4.875],"tintindex":0,"rotation":0,"texture":"#0"}}}],"display":{"gui":{"rotation":[30,225,0]}}}