{"textures":{"0":"modelengine:entity/stag_heavenly"},"elements":[{"from":[5.7203045,-0.7297516,2.8301091],"to":[11.7203045,9.270248,9.830109],"faces":{"east":{"uv":[3.25,4.1875,3.6875,4.8125],"tintindex":0,"rotation":0,"texture":"#0"},"south":{"uv":[0.4375,4.5625,0.8125,5.1875],"tintindex":0,"rotation":0,"texture":"#0"},"north":{"uv":[0.0,4.375,0.375,5.0],"tintindex":0,"rotation":0,"texture":"#0"},"west":{"uv":[4.25,1.0,4.6875,1.625],"tintindex":0,"rotation":0,"texture":"#0"},"up":{"uv":[0.8125,5.6875,0.4375,5.25],"tintindex":0,"rotation":0,"texture":"#0"},"down":{"uv":[1.25,5.25,0.875,5.6875],"tintindex":0,"rotation":0,"texture":"#0"}},"rotation":{"origin":[8.7203045,4.2702484,6.830109],"angle":22.5,"axis":"x"}}],"display":{"gui":{"rotation":[30,225,0]}}}