{"textures":{"0":"modelengine:entity/stag_heavenly"},"elements":[{"from":[5.5093913,5.25,5.1918564],"to":[10.509392,8.25,10.191856],"faces":{"east":{"uv":[1.375,7.1875,1.0625,7.375],"tintindex":0,"rotation":0,"texture":"#0"},"south":{"uv":[7.4375,5.25,7.125,5.4375],"tintindex":0,"rotation":0,"texture":"#0"},"north":{"uv":[7.375,1.125,7.0625,1.3125],"tintindex":0,"rotation":0,"texture":"#0"},"west":{"uv":[7.375,7.0625,7.0625,7.25],"tintindex":0,"rotation":0,"texture":"#0"},"up":{"uv":[3.875,1.3125,4.1875,1.0],"tintindex":0,"rotation":0,"texture":"#0"},"down":{"uv":[6.5625,3.25,6.875,3.5625],"tintindex":0,"rotation":0,"texture":"#0"}}},{"from":[7.721331,5.275,3.3831978],"to":[10.721331,8.225,6.383198],"faces":{"east":{"uv":[5.5,7.4375,5.3125,7.625],"tintindex":0,"rotation":0,"texture":"#0"},"south":{"uv":[5.25,7.4375,5.0625,7.625],"tintindex":0,"rotation":0,"texture":"#0"},"north":{"uv":[3.6875,7.0,3.5,7.1875],"tintindex":0,"rotation":0,"texture":"#0"},"west":{"uv":[5.0,7.4375,4.8125,7.625],"tintindex":0,"rotation":0,"texture":"#0"},"up":{"uv":[7.4375,7.1875,7.625,7.0],"tintindex":0,"rotation":0,"texture":"#0"},"down":{"uv":[2.1875,7.5,2.375,7.6875],"tintindex":0,"rotation":0,"texture":"#0"}},"rotation":{"origin":[9.471331,6.75,4.383198],"angle":-22.5,"axis":"y"}},{"from":[5.4415894,5.3,3.3086758],"to":[8.441589,8.2,6.308676],"faces":{"east":{"uv":[5.5,7.4375,5.3125,7.625],"tintindex":0,"rotation":0,"texture":"#0"},"south":{"uv":[5.25,7.4375,5.0625,7.625],"tintindex":0,"rotation":0,"texture":"#0"},"north":{"uv":[3.6875,7.0,3.5,7.1875],"tintindex":0,"rotation":0,"texture":"#0"},"west":{"uv":[5.0,7.4375,4.8125,7.625],"tintindex":0,"rotation":0,"texture":"#0"},"up":{"uv":[7.4375,7.1875,7.625,7.0],"tintindex":0,"rotation":0,"texture":"#0"},"down":{"uv":[2.1875,7.5,2.375,7.6875],"tintindex":0,"rotation":0,"texture":"#0"}},"rotation":{"origin":[6.9415894,6.725,4.808676],"angle":22.5,"axis":"y"}}],"display":{"gui":{"rotation":[30,225,0]}}}