{"textures":{"0":"modelengine:entity/stag_heavenly"},"elements":[{"from":[4.2256346,-1.2999992,4.875114],"to":[10.225635,8.700001,10.875114],"faces":{"east":{"uv":[5.0625,3.0625,4.6875,3.6875],"tintindex":0,"rotation":0,"texture":"#0"},"south":{"uv":[3.125,4.6875,2.75,5.3125],"tintindex":0,"rotation":0,"texture":"#0"},"north":{"uv":[1.25,4.5625,0.875,5.1875],"tintindex":0,"rotation":0,"texture":"#0"},"west":{"uv":[2.6875,4.6875,2.3125,5.3125],"tintindex":0,"rotation":0,"texture":"#0"},"up":{"uv":[5.4375,4.0625,5.8125,3.6875],"tintindex":0,"rotation":0,"texture":"#0"},"down":{"uv":[5.5,4.5,5.875,4.875],"tintindex":0,"rotation":0,"texture":"#0"}}}],"display":{"gui":{"rotation":[30,225,0]}}}