{"textures":{"0":"modelengine:entity/stag_heavenly"},"elements":[{"from":[6.0,-4.749999,6.0],"to":[10.0,2.250001,10.000001],"faces":{"east":{"uv":[4.0625,6.375,4.3125,6.8125],"tintindex":0,"rotation":0,"texture":"#0"},"south":{"uv":[6.4375,3.6875,6.6875,4.125],"tintindex":0,"rotation":0,"texture":"#0"},"north":{"uv":[3.75,6.375,4.0,6.8125],"tintindex":0,"rotation":0,"texture":"#0"},"west":{"uv":[6.25,6.4375,6.5,6.875],"tintindex":0,"rotation":0,"texture":"#0"},"up":{"uv":[7.25,4.1875,7.0,3.9375],"tintindex":0,"rotation":0,"texture":"#0"},"down":{"uv":[7.25,4.25,7.0,4.5],"tintindex":0,"rotation":0,"texture":"#0"}}},{"from":[6.5375,-0.74999905,6.5],"to":[9.4625,8.25,9.500001],"faces":{"east":{"uv":[5.25,6.5625,5.4375,7.125],"tintindex":0,"rotation":0,"texture":"#0"},"south":{"uv":[5.5,6.5625,5.6875,7.125],"tintindex":0,"rotation":0,"texture":"#0"},"north":{"uv":[5.0,6.5625,5.1875,7.125],"tintindex":0,"rotation":0,"texture":"#0"},"west":{"uv":[6.5625,6.4375,6.75,7.0],"tintindex":0,"rotation":0,"texture":"#0"},"up":{"uv":[7.9375,4.4375,7.75,4.25],"tintindex":0,"rotation":0,"texture":"#0"},"down":{"uv":[4.5625,7.75,4.375,7.9375],"tintindex":0,"rotation":0,"texture":"#0"}}}],"display":{"gui":{"rotation":[30,225,0]}}}