{"parent":"item/generated","textures":{"layer0":"item/brick"},"overrides":[{"predicate":{"custom_model_data":2535},"model":"rpg_mount_3_model/icon_basilisk_obsidian"},{"predicate":{"custom_model_data":2536},"model":"rpg_mount_3_model/icon_basilisk_snowstorm"},{"predicate":{"custom_model_data":2537},"model":"rpg_mount_3_model/icon_basilisk_wild"},{"predicate":{"custom_model_data":2538},"model":"rpg_mount_3_model/icon_hippogryph_common"},{"predicate":{"custom_model_data":2539},"model":"rpg_mount_3_model/icon_hippogryph_crystal"},{"predicate":{"custom_model_data":2540},"model":"rpg_mount_3_model/icon_hippogryph_fallen"},{"predicate":{"custom_model_data":2541},"model":"rpg_mount_3_model/icon_hippogryph_royal"},{"predicate":{"custom_model_data":2542},"model":"rpg_mount_3_model/icon_raptor_nightmare"},{"predicate":{"custom_model_data":2543},"model":"rpg_mount_3_model/icon_raptor_red"},{"predicate":{"custom_model_data":2544},"model":"rpg_mount_3_model/icon_raptor_undead"},{"predicate":{"custom_model_data":2545},"model":"rpg_mount_3_model/icon_sky_serpent_jade"},{"predicate":{"custom_model_data":2546},"model":"rpg_mount_3_model/icon_sky_serpent_magma"},{"predicate":{"custom_model_data":2547},"model":"rpg_mount_3_model/icon_sky_serpent_solar"},{"predicate":{"custom_model_data":2548},"model":"rpg_mount_3_model/icon_sky_serpent_spectral"},{"predicate":{"custom_model_data":2549},"model":"rpg_mount_3_model/icon_stag_demonic"},{"predicate":{"custom_model_data":2550},"model":"rpg_mount_3_model/icon_stag_heavenly"},{"predicate":{"custom_model_data":2551},"model":"rpg_mount_3_model/icon_stag_rune"},{"predicate":{"custom_model_data":2552},"model":"rpg_mount_3_model/icon_stag_void"}],"mcmodels":"79b7a4fff2233ba99ed2c2b5ef10207a"}