{"textures":{"0":"modelengine:entity/sky_serpent_spectral"},"elements":[{"from":[10.486876,-0.5344868,5.39876],"to":[10.486876,5.965513,12.39876],"faces":{"east":{"uv":[0.8125,3.9375,1.6875,4.75],"tintindex":0,"rotation":0,"texture":"#0"},"west":{"uv":[1.6875,3.9375,0.8125,4.75],"tintindex":0,"rotation":0,"texture":"#0"}},"rotation":{"origin":[8.986626,9.3653345,32.752083],"angle":22.5,"axis":"x"}},{"from":[5.511875,-0.5344868,5.39876],"to":[5.511875,5.965513,12.39876],"faces":{"east":{"uv":[0.8125,3.9375,1.6875,4.75],"tintindex":0,"rotation":0,"texture":"#0"},"west":{"uv":[1.6875,3.9375,0.8125,4.75],"tintindex":0,"rotation":0,"texture":"#0"}},"rotation":{"origin":[7.012125,9.3653345,32.752083],"angle":22.5,"axis":"x"}},{"from":[8.011875,-1.0344868,3.8987598],"to":[8.011875,7.465513,14.39876],"faces":{"east":{"uv":[0.0,1.875,1.3125,2.9375],"tintindex":0,"rotation":0,"texture":"#0"},"west":{"uv":[1.3125,1.875,0.0,2.9375],"tintindex":0,"rotation":0,"texture":"#0"}},"rotation":{"origin":[8.986626,9.3653345,32.752083],"angle":22.5,"axis":"x"}},{"from":[10.486876,11.141339,4.5519295],"to":[10.486876,16.641338,12.051929],"faces":{"east":{"uv":[2.8125,5.125,3.75,5.8125],"tintindex":0,"rotation":0,"texture":"#0"},"west":{"uv":[3.75,5.125,2.8125,5.8125],"tintindex":0,"rotation":0,"texture":"#0"}},"rotation":{"origin":[8.986626,9.3653345,32.752083],"angle":-22.5,"axis":"x"}},{"from":[8.611876,10.908276,3.0623493],"to":[10.111876,12.908276,8.562349],"faces":{"east":{"uv":[7.0,7.625,7.6875,7.875],"tintindex":0,"rotation":0,"texture":"#0"},"south":{"uv":[0.5,8.5625,0.6875,8.8125],"tintindex":0,"rotation":0,"texture":"#0"},"north":{"uv":[0.25,8.5625,0.4375,8.8125],"tintindex":0,"rotation":0,"texture":"#0"},"west":{"uv":[7.0,7.625,7.6875,7.875],"tintindex":0,"rotation":0,"texture":"#0"},"up":{"uv":[2.0,8.625,1.8125,7.9375],"tintindex":0,"rotation":0,"texture":"#0"},"down":{"uv":[2.0,8.625,1.8125,7.9375],"tintindex":0,"rotation":0,"texture":"#0"}},"rotation":{"origin":[9.480625,12.924168,8.784325],"angle":-22.5,"axis":"x"}},{"from":[5.4993753,5.2292566,3.1208344],"to":[10.499375,10.729257,8.120834],"faces":{"east":{"uv":[3.1875,6.5,3.8125,7.1875],"tintindex":0,"rotation":0,"texture":"#0"},"south":{"uv":[1.5625,6.5625,2.1875,7.25],"tintindex":0,"rotation":0,"texture":"#0"},"north":{"uv":[2.0,3.0,2.625,3.6875],"tintindex":0,"rotation":0,"texture":"#0"},"west":{"uv":[3.875,6.5625,4.5,7.25],"tintindex":0,"rotation":0,"texture":"#0"},"up":{"uv":[7.375,3.5,6.75,2.875],"tintindex":0,"rotation":0,"texture":"#0"},"down":{"uv":[7.25,6.875,6.625,7.5],"tintindex":0,"rotation":0,"texture":"#0"}}},{"from":[6.499375,7.2292566,-2.3791656],"to":[9.499374,10.729257,3.1208344],"faces":{"east":{"uv":[0.0,5.0,0.6875,5.4375],"tintindex":0,"rotation":0,"texture":"#0"},"south":{"uv":[1.0,7.8125,1.375,8.25],"tintindex":0,"rotation":0,"texture":"#0"},"north":{"uv":[7.75,7.6875,8.125,8.125],"tintindex":0,"rotation":0,"texture":"#0"},"west":{"uv":[5.5625,7.125,6.25,7.5625],"tintindex":0,"rotation":0,"texture":"#0"},"up":{"uv":[4.125,8.0,3.75,7.3125],"tintindex":0,"rotation":0,"texture":"#0"},"down":{"uv":[7.6875,6.875,7.3125,7.5625],"tintindex":0,"rotation":0,"texture":"#0"}}},{"from":[9.099375,12.213008,8.501559],"to":[10.099375,19.713007,10.001559],"faces":{"east":{"uv":[5.0625,7.5625,5.25,8.5],"tintindex":0,"rotation":0,"texture":"#0"},"south":{"uv":[2.5625,6.5625,2.6875,7.5],"tintindex":0,"rotation":0,"texture":"#0"},"north":{"uv":[2.5625,6.5625,2.6875,7.5],"tintindex":0,"rotation":0,"texture":"#0"},"west":{"uv":[5.0625,7.5625,5.25,8.5],"tintindex":0,"rotation":0,"texture":"#0"},"up":{"uv":[4.625,1.375,4.5,1.1875],"tintindex":0,"rotation":0,"texture":"#0"},"down":{"uv":[4.625,1.375,4.5,1.1875],"tintindex":0,"rotation":0,"texture":"#0"}},"rotation":{"origin":[9.480625,12.924168,8.784325],"angle":45.0,"axis":"x"}},{"from":[5.886875,10.908276,3.0623493],"to":[7.386875,12.908276,8.562349],"faces":{"east":{"uv":[7.6875,7.625,7.0,7.875],"tintindex":0,"rotation":0,"texture":"#0"},"south":{"uv":[0.6875,8.5625,0.5,8.8125],"tintindex":0,"rotation":0,"texture":"#0"},"north":{"uv":[0.4375,8.5625,0.25,8.8125],"tintindex":0,"rotation":0,"texture":"#0"},"west":{"uv":[7.6875,7.625,7.0,7.875],"tintindex":0,"rotation":0,"texture":"#0"},"up":{"uv":[1.8125,8.625,2.0,7.9375],"tintindex":0,"rotation":0,"texture":"#0"},"down":{"uv":[1.8125,8.625,2.0,7.9375],"tintindex":0,"rotation":0,"texture":"#0"}},"rotation":{"origin":[6.518125,12.924168,8.784325],"angle":-22.5,"axis":"x"}},{"from":[5.899375,12.213008,8.501559],"to":[6.899375,19.713007,10.001559],"faces":{"east":{"uv":[5.25,7.5625,5.0625,8.5],"tintindex":0,"rotation":0,"texture":"#0"},"south":{"uv":[2.6875,6.5625,2.5625,7.5],"tintindex":0,"rotation":0,"texture":"#0"},"north":{"uv":[2.6875,6.5625,2.5625,7.5],"tintindex":0,"rotation":0,"texture":"#0"},"west":{"uv":[5.25,7.5625,5.0625,8.5],"tintindex":0,"rotation":0,"texture":"#0"},"up":{"uv":[4.5,1.375,4.625,1.1875],"tintindex":0,"rotation":0,"texture":"#0"},"down":{"uv":[4.5,1.375,4.625,1.1875],"tintindex":0,"rotation":0,"texture":"#0"}},"rotation":{"origin":[6.518125,12.924168,8.784325],"angle":45.0,"axis":"x"}},{"from":[6.499375,5.2292566,-2.3791656],"to":[9.499374,7.2292566,3.1208344],"faces":{"east":{"uv":[1.875,4.8125,2.5625,5.0625],"tintindex":0,"rotation":0,"texture":"#0"},"south":{"uv":[5.5625,8.25,5.9375,8.5],"tintindex":0,"rotation":0,"texture":"#0"},"north":{"uv":[6.0,5.3125,6.375,5.5625],"tintindex":0,"rotation":0,"texture":"#0"},"west":{"uv":[6.125,4.4375,6.8125,4.6875],"tintindex":0,"rotation":0,"texture":"#0"},"up":{"uv":[7.8125,3.375,7.4375,2.6875],"tintindex":0,"rotation":0,"texture":"#0"},"down":{"uv":[7.875,4.6875,7.5,5.375],"tintindex":0,"rotation":0,"texture":"#0"}}},{"from":[20.462976,4.7292566,8.966582],"to":[20.462976,11.729257,16.466583],"faces":{"east":{"uv":[0.0,3.0,0.9375,3.875],"tintindex":0,"rotation":0,"texture":"#0"},"west":{"uv":[0.9375,3.0,0.0,3.875],"tintindex":0,"rotation":0,"texture":"#0"}},"rotation":{"origin":[8.986626,9.3653345,32.752083],"angle":22.5,"axis":"y"}},{"from":[5.511875,11.141339,4.5519295],"to":[5.511875,16.641338,12.051929],"faces":{"east":{"uv":[2.8125,5.125,3.75,5.8125],"tintindex":0,"rotation":0,"texture":"#0"},"west":{"uv":[3.75,5.125,2.8125,5.8125],"tintindex":0,"rotation":0,"texture":"#0"}},"rotation":{"origin":[7.012125,9.3653345,32.752083],"angle":-22.5,"axis":"x"}},{"from":[-4.464226,4.7292566,8.966582],"to":[-4.464226,11.729257,16.466583],"faces":{"east":{"uv":[0.0,3.0,0.9375,3.875],"tintindex":0,"rotation":0,"texture":"#0"},"west":{"uv":[0.9375,3.0,0.0,3.875],"tintindex":0,"rotation":0,"texture":"#0"}},"rotation":{"origin":[7.012125,9.3653345,32.752083],"angle":-22.5,"axis":"y"}}],"display":{"gui":{"rotation":[30,225,0]}}}