{"textures":{"0":"modelengine:entity/sky_serpent_spectral"},"elements":[{"from":[8.017858,12.457144,7.785715],"to":[8.017858,21.457144,23.785715],"faces":{"east":{"uv":[2.8125,5.875,3.8125,6.4375],"tintindex":0,"rotation":0,"texture":"#0"},"west":{"uv":[1.6875,5.9375,2.6875,6.5],"tintindex":0,"rotation":0,"texture":"#0"}}},{"from":[3.992857,3.4571438,7.785715],"to":[11.992857,12.457144,23.785715],"faces":{"east":{"uv":[5.6875,3.0625,6.6875,3.625],"tintindex":0,"rotation":0,"texture":"#0"},"south":{"uv":[1.5625,7.3125,2.0625,7.875],"tintindex":0,"rotation":0,"texture":"#0"},"north":{"uv":[3.1875,7.25,3.6875,7.8125],"tintindex":0,"rotation":0,"texture":"#0"},"west":{"uv":[5.875,2.25,6.875,2.8125],"tintindex":0,"rotation":0,"texture":"#0"},"up":{"uv":[0.5,7.5,0.0,6.5],"tintindex":0,"rotation":0,"texture":"#0"},"down":{"uv":[1.0625,6.5,0.5625,7.5],"tintindex":0,"rotation":0,"texture":"#0"}}}],"display":{"gui":{"rotation":[30,225,0]}}}