{"textures":{"0":"modelengine:entity/sky_serpent_spectral"},"elements":[{"from":[4.995,4.365,7.700001],"to":[10.995,11.365,27.7],"faces":{"east":{"uv":[0.0,6.0,1.25,6.4375],"tintindex":0,"rotation":0,"texture":"#0"},"south":{"uv":[7.75,7.1875,8.125,7.625],"tintindex":0,"rotation":0,"texture":"#0"},"north":{"uv":[7.75,6.6875,8.125,7.125],"tintindex":0,"rotation":0,"texture":"#0"},"west":{"uv":[6.0,4.8125,7.25,5.25],"tintindex":0,"rotation":0,"texture":"#0"},"up":{"uv":[1.5,7.75,1.125,6.5],"tintindex":0,"rotation":0,"texture":"#0"},"down":{"uv":[3.125,6.5,2.75,7.75],"tintindex":0,"rotation":0,"texture":"#0"}}},{"from":[7.995,11.365,7.700001],"to":[7.995,18.365,27.7],"faces":{"east":{"uv":[3.875,6.0625,5.125,6.5],"tintindex":0,"rotation":0,"texture":"#0"},"west":{"uv":[5.1875,6.0625,6.4375,6.5],"tintindex":0,"rotation":0,"texture":"#0"}}}],"display":{"gui":{"rotation":[30,225,0]}}}