{"textures":{"0":"modelengine:entity/sky_serpent_spectral"},"elements":[{"from":[2.9944444,2.875,7.9444447],"to":[12.994444,12.875,25.944447],"faces":{"east":{"uv":[2.6875,4.4375,3.8125,5.0625],"tintindex":0,"rotation":0,"texture":"#0"},"south":{"uv":[7.0625,1.3125,7.6875,1.9375],"tintindex":0,"rotation":0,"texture":"#0"},"north":{"uv":[6.9375,3.5625,7.5625,4.1875],"tintindex":0,"rotation":0,"texture":"#0"},"west":{"uv":[3.875,4.4375,5.0,5.0625],"tintindex":0,"rotation":0,"texture":"#0"},"up":{"uv":[5.125,1.125,4.5,0.0],"tintindex":0,"rotation":0,"texture":"#0"},"down":{"uv":[5.3125,1.1875,4.6875,2.3125],"tintindex":0,"rotation":0,"texture":"#0"}}},{"from":[7.9944444,12.875,7.9444447],"to":[7.9944444,22.874998,25.944447],"faces":{"east":{"uv":[4.5,3.375,5.625,4.0],"tintindex":0,"rotation":0,"texture":"#0"},"west":{"uv":[4.6875,2.375,5.8125,3.0],"tintindex":0,"rotation":0,"texture":"#0"}}}],"display":{"gui":{"rotation":[30,225,0]}}}