{"textures":{"0":"modelengine:entity/magical_blade"},"elements":[{"from":[7.979,5.784218,-9.208525],"to":[7.979,9.984215,13.471477],"faces":{"east":{"uv":[12.75,0.0,6.0,1.25],"tintindex":0,"rotation":0,"texture":"#0"},"west":{"uv":[6.0,0.0,12.75,1.25],"tintindex":0,"rotation":0,"texture":"#0"}}},{"from":[7.16,5.3642197,12.631476],"to":[8.84,10.404221,14.311477],"faces":{"east":{"uv":[0.75,7.0,1.25,8.5],"tintindex":0,"rotation":0,"texture":"#0"},"south":{"uv":[1.5,7.0,2.0,8.5],"tintindex":0,"rotation":0,"texture":"#0"},"north":{"uv":[0.0,7.0,0.5,8.5],"tintindex":0,"rotation":0,"texture":"#0"},"west":{"uv":[2.25,7.0,2.75,8.5],"tintindex":0,"rotation":0,"texture":"#0"},"up":{"uv":[7.5,6.25,7.0,5.75],"tintindex":0,"rotation":0,"texture":"#0"},"down":{"uv":[6.5,7.0,6.0,7.5],"tintindex":0,"rotation":0,"texture":"#0"}}},{"from":[8.0,6.3214264,-8.185381],"to":[8.0,10.836426,-5.329381],"faces":{"east":{"uv":[10.75,2.5,8.75,3.75],"tintindex":0,"rotation":0,"texture":"#0"},"west":{"uv":[8.75,2.5,10.75,3.75],"tintindex":0,"rotation":0,"texture":"#0"}},"rotation":{"origin":[8.0,8.578926,-6.7573805],"angle":45.0,"axis":"x"}},{"from":[8.021,5.784218,-9.208525],"to":[8.021,9.984215,13.471477],"faces":{"east":{"uv":[12.75,0.0,6.0,1.25],"tintindex":0,"rotation":0,"texture":"#0"},"west":{"uv":[6.0,0.0,12.75,1.25],"tintindex":0,"rotation":0,"texture":"#0"}}},{"from":[7.16,7.04422,14.311477],"to":[8.84,8.72422,19.351477],"faces":{"east":{"uv":[6.0,1.5,7.5,2.0],"tintindex":0,"rotation":0,"texture":"#0"},"south":{"uv":[5.25,7.0,5.75,7.5],"tintindex":0,"rotation":0,"texture":"#0"},"north":{"uv":[6.0,4.75,6.5,5.25],"tintindex":0,"rotation":0,"texture":"#0"},"west":{"uv":[6.0,2.25,7.5,2.75],"tintindex":0,"rotation":0,"texture":"#0"},"up":{"uv":[6.5,4.5,6.0,3.0],"tintindex":0,"rotation":0,"texture":"#0"},"down":{"uv":[7.25,3.0,6.75,4.5],"tintindex":0,"rotation":0,"texture":"#0"}}},{"from":[7.16,6.624214,19.351477],"to":[8.84,9.144218,21.031475],"faces":{"east":{"uv":[3.75,7.0,4.25,7.75],"tintindex":0,"rotation":0,"texture":"#0"},"south":{"uv":[4.5,7.0,5.0,7.75],"tintindex":0,"rotation":0,"texture":"#0"},"north":{"uv":[3.0,7.0,3.5,7.75],"tintindex":0,"rotation":0,"texture":"#0"},"west":{"uv":[7.0,4.75,7.5,5.5],"tintindex":0,"rotation":0,"texture":"#0"},"up":{"uv":[7.5,7.0,7.0,6.5],"tintindex":0,"rotation":0,"texture":"#0"},"down":{"uv":[7.25,7.25,6.75,7.75],"tintindex":0,"rotation":0,"texture":"#0"}}}],"display":{"gui":{"rotation":[30,225,0]}}}