{"textures":{"0":"modelengine:entity/god_of_death"},"elements":[{"from":[5.8438253,9.219494,3.9146304],"to":[10.772224,13.531845,8.843031],"faces":{"east":{"uv":[2.125,9.0,1.125,9.875],"tintindex":0,"rotation":0,"texture":"#0"},"south":{"uv":[1.125,9.0,2.125,9.875],"tintindex":0,"rotation":0,"texture":"#0"},"north":{"uv":[3.25,9.125,2.25,10.0],"tintindex":0,"rotation":0,"texture":"#0"},"west":{"uv":[2.25,9.125,3.25,10.0],"tintindex":0,"rotation":0,"texture":"#0"},"up":{"uv":[9.125,2.25,8.125,1.25],"tintindex":0,"rotation":0,"texture":"#0"},"down":{"uv":[9.125,1.25,8.125,2.25],"tintindex":0,"rotation":0,"texture":"#0"}},"rotation":{"origin":[8.0,10.451595,6.0708055],"angle":-45.0,"axis":"y"}},{"from":[10.156175,6.139244,3.9146304],"to":[10.156175,9.219494,8.843031],"faces":{"east":{"uv":[2.0,10.0,1.0,10.625],"tintindex":0,"rotation":0,"texture":"#0"},"west":{"uv":[1.0,10.0,2.0,10.625],"tintindex":0,"rotation":0,"texture":"#0"}},"rotation":{"origin":[8.0,10.451595,6.0708055],"angle":45.0,"axis":"y"}},{"from":[10.156175,13.531845,3.9146304],"to":[10.156175,15.379993,8.843031],"faces":{"east":{"uv":[8.5,3.875,7.5,4.25],"tintindex":0,"rotation":0,"texture":"#0"},"west":{"uv":[7.5,3.875,8.5,4.25],"tintindex":0,"rotation":0,"texture":"#0"}},"rotation":{"origin":[8.0,10.451595,6.0708055],"angle":45.0,"axis":"y"}},{"from":[9.193382,17.20856,5.690152],"to":[10.425482,21.520912,6.89145],"faces":{"east":{"uv":[10.75,11.0,10.5,11.875],"tintindex":0,"rotation":0,"texture":"#0"},"south":{"uv":[2.875,10.875,3.125,11.75],"tintindex":0,"rotation":0,"texture":"#0"},"north":{"uv":[3.125,10.875,2.875,11.75],"tintindex":0,"rotation":0,"texture":"#0"},"west":{"uv":[7.125,11.0,6.875,11.875],"tintindex":0,"rotation":0,"texture":"#0"},"up":{"uv":[8.875,7.875,9.125,7.625],"tintindex":0,"rotation":0,"texture":"#0"},"down":{"uv":[9.125,5.0,9.375,5.25],"tintindex":0,"rotation":0,"texture":"#0"}},"rotation":{"origin":[12.73567,13.820286,6.598826],"angle":-22.5,"axis":"z"}},{"from":[11.657581,13.050224,5.65935],"to":[13.505732,16.746525,7.492099],"faces":{"east":{"uv":[10.875,5.0,10.5,5.75],"tintindex":0,"rotation":0,"texture":"#0"},"south":{"uv":[10.375,10.125,10.75,10.875],"tintindex":0,"rotation":0,"texture":"#0"},"north":{"uv":[10.75,10.125,10.375,10.875],"tintindex":0,"rotation":0,"texture":"#0"},"west":{"uv":[0.375,10.5,0.0,11.25],"tintindex":0,"rotation":0,"texture":"#0"},"up":{"uv":[11.5,1.5,11.875,1.125],"tintindex":0,"rotation":0,"texture":"#0"},"down":{"uv":[11.5,1.625,11.875,2.0],"tintindex":0,"rotation":0,"texture":"#0"}},"rotation":{"origin":[12.581657,15.206398,6.5834246],"angle":-22.5,"axis":"z"}},{"from":[6.459875,7.3713455,4.5306807],"to":[10.772224,9.219494,8.843031],"faces":{"east":{"uv":[10.0,2.75,10.875,3.125],"tintindex":0,"rotation":0,"texture":"#0"},"south":{"uv":[10.875,2.75,10.0,3.125],"tintindex":0,"rotation":0,"texture":"#0"},"north":{"uv":[10.875,2.75,10.0,3.125],"tintindex":0,"rotation":0,"texture":"#0"},"west":{"uv":[10.0,2.75,10.875,3.125],"tintindex":0,"rotation":0,"texture":"#0"},"up":{"uv":[0.875,10.375,0.0,9.5],"tintindex":0,"rotation":0,"texture":"#0"},"down":{"uv":[0.0,10.375,0.875,9.5],"tintindex":0,"rotation":0,"texture":"#0"}},"rotation":{"origin":[8.0,10.451595,6.0708055],"angle":-45.0,"axis":"y"}},{"from":[0.64611816,14.744362,5.6747513],"to":[2.494268,18.440662,6.906851],"faces":{"east":{"uv":[0.0,11.375,0.25,12.125],"tintindex":0,"rotation":0,"texture":"#0"},"south":{"uv":[10.875,5.875,10.5,6.625],"tintindex":0,"rotation":0,"texture":"#0"},"north":{"uv":[10.5,5.875,10.875,6.625],"tintindex":0,"rotation":0,"texture":"#0"},"west":{"uv":[0.375,11.375,0.625,12.125],"tintindex":0,"rotation":0,"texture":"#0"},"up":{"uv":[8.5,2.625,8.125,2.375],"tintindex":0,"rotation":0,"texture":"#0"},"down":{"uv":[8.75,7.625,8.375,7.875],"tintindex":0,"rotation":0,"texture":"#0"}},"rotation":{"origin":[3.2643304,13.820286,6.598826],"angle":-45.0,"axis":"z"}},{"from":[3.3796248,12.109596,5.6513042],"to":[5.8438253,13.957745,7.499454],"faces":{"east":{"uv":[1.125,8.375,1.5,8.75],"tintindex":0,"rotation":0,"texture":"#0"},"south":{"uv":[3.875,9.125,3.375,9.5],"tintindex":0,"rotation":0,"texture":"#0"},"north":{"uv":[3.375,9.125,3.875,9.5],"tintindex":0,"rotation":0,"texture":"#0"},"west":{"uv":[11.375,9.5,11.75,9.875],"tintindex":0,"rotation":0,"texture":"#0"},"up":{"uv":[11.75,0.375,11.25,0.0],"tintindex":0,"rotation":0,"texture":"#0"},"down":{"uv":[11.75,8.0,11.25,8.375],"tintindex":0,"rotation":0,"texture":"#0"}},"rotation":{"origin":[4.611725,13.033672,6.575379],"angle":-22.5,"axis":"z"}},{"from":[10.156175,12.109596,5.6513042],"to":[12.620375,13.957745,7.499454],"faces":{"east":{"uv":[11.75,9.5,11.375,9.875],"tintindex":0,"rotation":0,"texture":"#0"},"south":{"uv":[3.375,9.125,3.875,9.5],"tintindex":0,"rotation":0,"texture":"#0"},"north":{"uv":[3.875,9.125,3.375,9.5],"tintindex":0,"rotation":0,"texture":"#0"},"west":{"uv":[1.5,8.375,1.125,8.75],"tintindex":0,"rotation":0,"texture":"#0"},"up":{"uv":[11.25,0.375,11.75,0.0],"tintindex":0,"rotation":0,"texture":"#0"},"down":{"uv":[11.25,8.0,11.75,8.375],"tintindex":0,"rotation":0,"texture":"#0"}},"rotation":{"origin":[11.388275,13.033672,6.575379],"angle":22.5,"axis":"z"}},{"from":[13.505732,14.744362,5.6747513],"to":[15.353882,18.440662,6.906851],"faces":{"east":{"uv":[0.625,11.375,0.375,12.125],"tintindex":0,"rotation":0,"texture":"#0"},"south":{"uv":[10.5,5.875,10.875,6.625],"tintindex":0,"rotation":0,"texture":"#0"},"north":{"uv":[10.875,5.875,10.5,6.625],"tintindex":0,"rotation":0,"texture":"#0"},"west":{"uv":[0.25,11.375,0.0,12.125],"tintindex":0,"rotation":0,"texture":"#0"},"up":{"uv":[8.125,2.625,8.5,2.375],"tintindex":0,"rotation":0,"texture":"#0"},"down":{"uv":[8.375,7.625,8.75,7.875],"tintindex":0,"rotation":0,"texture":"#0"}},"rotation":{"origin":[12.73567,13.820286,6.598826],"angle":45.0,"axis":"z"}},{"from":[2.494268,13.050224,5.65935],"to":[4.342418,16.746525,7.492099],"faces":{"east":{"uv":[0.0,10.5,0.375,11.25],"tintindex":0,"rotation":0,"texture":"#0"},"south":{"uv":[10.75,10.125,10.375,10.875],"tintindex":0,"rotation":0,"texture":"#0"},"north":{"uv":[10.375,10.125,10.75,10.875],"tintindex":0,"rotation":0,"texture":"#0"},"west":{"uv":[10.5,5.0,10.875,5.75],"tintindex":0,"rotation":0,"texture":"#0"},"up":{"uv":[11.875,1.5,11.5,1.125],"tintindex":0,"rotation":0,"texture":"#0"},"down":{"uv":[11.875,1.625,11.5,2.0],"tintindex":0,"rotation":0,"texture":"#0"}},"rotation":{"origin":[3.418343,15.206398,6.5834246],"angle":22.5,"axis":"z"}},{"from":[5.8438253,13.531845,3.9146304],"to":[5.8438253,15.379993,8.843031],"faces":{"east":{"uv":[8.5,3.875,7.5,4.25],"tintindex":0,"rotation":0,"texture":"#0"},"west":{"uv":[7.5,3.875,8.5,4.25],"tintindex":0,"rotation":0,"texture":"#0"}},"rotation":{"origin":[8.0,10.451595,6.0708055],"angle":-45.0,"axis":"y"}},{"from":[5.8438253,6.139244,3.9146304],"to":[5.8438253,9.219494,8.843031],"faces":{"east":{"uv":[2.0,10.0,1.0,10.625],"tintindex":0,"rotation":0,"texture":"#0"},"west":{"uv":[1.0,10.0,2.0,10.625],"tintindex":0,"rotation":0,"texture":"#0"}},"rotation":{"origin":[8.0,10.451595,6.0708055],"angle":-45.0,"axis":"y"}},{"from":[5.574518,17.20856,5.690152],"to":[6.806618,21.520912,6.89145],"faces":{"east":{"uv":[6.875,11.0,7.125,11.875],"tintindex":0,"rotation":0,"texture":"#0"},"south":{"uv":[3.125,10.875,2.875,11.75],"tintindex":0,"rotation":0,"texture":"#0"},"north":{"uv":[2.875,10.875,3.125,11.75],"tintindex":0,"rotation":0,"texture":"#0"},"west":{"uv":[10.5,11.0,10.75,11.875],"tintindex":0,"rotation":0,"texture":"#0"},"up":{"uv":[9.125,7.875,8.875,7.625],"tintindex":0,"rotation":0,"texture":"#0"},"down":{"uv":[9.375,5.0,9.125,5.25],"tintindex":0,"rotation":0,"texture":"#0"}},"rotation":{"origin":[3.2643304,13.820286,6.598826],"angle":22.5,"axis":"z"}}],"display":{"gui":{"rotation":[30,225,0]}}}