{"textures":{"0":"modelengine:entity/god_of_death"},"elements":[{"from":[11.8693695,11.460609,0.4705],"to":[19.26197,22.549507,10.3273],"faces":{"east":{"uv":[9.125,0.0,8.125,1.125],"tintindex":0,"rotation":0,"texture":"#0"},"south":{"uv":[10.0,7.625,9.25,8.75],"tintindex":0,"rotation":0,"texture":"#0"},"north":{"uv":[10.0,0.0,9.25,1.125],"tintindex":0,"rotation":0,"texture":"#0"},"west":{"uv":[8.125,0.0,9.125,1.125],"tintindex":0,"rotation":0,"texture":"#0"},"up":{"uv":[9.75,4.375,10.5,3.375],"tintindex":0,"rotation":0,"texture":"#0"},"down":{"uv":[9.75,3.375,10.5,4.375],"tintindex":0,"rotation":0,"texture":"#0"}},"rotation":{"origin":[-12.772629,23.165558,6.631],"angle":-22.5,"axis":"z"}}],"display":{"gui":{"rotation":[30,225,0]}}}