{"textures":{"0":"modelengine:entity/god_of_death"},"elements":[{"from":[-0.008649826,7.0604477,1.0056434],"to":[16.00865,19.38145,14.5587435],"faces":{"east":{"uv":[6.0,3.0,7.375,4.25],"tintindex":0,"rotation":0,"texture":"#0"},"south":{"uv":[5.25,4.625,6.875,5.875],"tintindex":0,"rotation":0,"texture":"#0"},"north":{"uv":[5.25,4.625,6.875,5.875],"tintindex":0,"rotation":0,"texture":"#0"},"west":{"uv":[5.25,6.0,6.625,7.25],"tintindex":0,"rotation":0,"texture":"#0"},"up":{"uv":[6.625,1.375,5.0,0.0],"tintindex":0,"rotation":0,"texture":"#0"},"down":{"uv":[6.625,0.0,5.0,1.375],"tintindex":0,"rotation":0,"texture":"#0"}}}],"display":{"gui":{"rotation":[30,225,0]}}}