{"textures":{"2":"modelengine:entity/god_of_death_reaper"},"elements":[{"from":[6.756672,19.742485,-4.0004225],"to":[9.140785,23.716007,1.5625086],"faces":{"east":{"uv":[6.25,4.25,8.0,5.5],"tintindex":0,"rotation":0,"texture":"#2"},"south":{"uv":[8.75,9.25,9.5,10.5],"tintindex":0,"rotation":0,"texture":"#2"},"north":{"uv":[5.5,9.25,6.25,10.5],"tintindex":0,"rotation":0,"texture":"#2"},"west":{"uv":[6.25,5.75,8.0,7.0],"tintindex":0,"rotation":0,"texture":"#2"},"up":{"uv":[2.75,9.0,2.0,7.25],"tintindex":0,"rotation":0,"texture":"#2"},"down":{"uv":[7.0,7.25,6.25,9.0],"tintindex":0,"rotation":0,"texture":"#2"}},"rotation":{"origin":[7.9487286,9.088642,2.8376684],"angle":22.5,"axis":"x"}},{"from":[7.9487286,15.054142,1.8036456],"to":[7.9487286,17.438255,4.982464],"faces":{"east":{"uv":[10.75,0.0,10.0,1.0],"tintindex":0,"rotation":90,"texture":"#2"},"west":{"uv":[10.0,0.0,10.75,1.0],"tintindex":0,"rotation":270,"texture":"#2"}},"rotation":{"origin":[7.9487286,9.088642,2.8376684],"angle":22.5,"axis":"x"}},{"from":[6.3593197,19.029987,3.0833354],"to":[9.538137,19.029987,5.467449],"faces":{"up":{"uv":[10.0,0.0,10.75,1.0],"tintindex":0,"rotation":270,"texture":"#2"},"down":{"uv":[10.75,0.0,10.0,1.0],"tintindex":0,"rotation":270,"texture":"#2"}}},{"from":[6.3593197,24.061539,-2.895625],"to":[9.538137,24.061539,-0.51151085],"faces":{"up":{"uv":[10.0,0.0,10.75,1.0],"tintindex":0,"rotation":270,"texture":"#2"},"down":{"uv":[10.75,0.0,10.0,1.0],"tintindex":0,"rotation":270,"texture":"#2"}},"rotation":{"origin":[7.9487286,9.088642,2.8376684],"angle":22.5,"axis":"x"}},{"from":[9.538137,20.346558,3.255961],"to":[9.538137,23.525375,5.6400747],"faces":{"east":{"uv":[0.0,10.75,0.75,11.75],"tintindex":0,"rotation":0,"texture":"#2"},"west":{"uv":[1.0,10.75,1.75,11.75],"tintindex":0,"rotation":0,"texture":"#2"}}},{"from":[6.7467384,17.017841,9.430474],"to":[9.150721,20.991364,14.993406],"faces":{"east":{"uv":[6.25,1.25,8.0,2.5],"tintindex":0,"rotation":0,"texture":"#2"},"south":{"uv":[2.0,9.25,2.75,10.5],"tintindex":0,"rotation":0,"texture":"#2"},"north":{"uv":[1.0,9.25,1.75,10.5],"tintindex":0,"rotation":0,"texture":"#2"},"west":{"uv":[6.25,2.75,8.0,4.0],"tintindex":0,"rotation":0,"texture":"#2"},"up":{"uv":[0.75,9.0,0.0,7.25],"tintindex":0,"rotation":0,"texture":"#2"},"down":{"uv":[1.75,7.25,1.0,9.0],"tintindex":0,"rotation":0,"texture":"#2"}},"rotation":{"origin":[7.9487286,9.088642,2.8376684],"angle":-22.5,"axis":"x"}},{"from":[9.749777,18.002316,4.448018],"to":[12.13389,21.181133,4.448018],"faces":{"south":{"uv":[10.75,0.0,10.0,1.0],"tintindex":0,"rotation":0,"texture":"#2"},"north":{"uv":[10.0,0.0,10.75,1.0],"tintindex":0,"rotation":0,"texture":"#2"}},"rotation":{"origin":[7.9487286,9.088642,2.8376684],"angle":22.5,"axis":"z"}},{"from":[7.9487286,17.314236,9.323347],"to":[7.9487286,21.287758,11.70746],"faces":{"east":{"uv":[0.75,9.25,0.0,10.5],"tintindex":0,"rotation":0,"texture":"#2"},"west":{"uv":[0.0,9.25,0.75,10.5],"tintindex":0,"rotation":0,"texture":"#2"}}},{"from":[9.538137,20.346558,3.2758288],"to":[9.538137,23.525375,5.6599426],"faces":{"east":{"uv":[10.75,0.0,10.0,1.0],"tintindex":0,"rotation":0,"texture":"#2"},"west":{"uv":[10.0,0.0,10.75,1.0],"tintindex":0,"rotation":0,"texture":"#2"}}},{"from":[13.656433,20.618649,4.4678855],"to":[16.040546,23.797466,4.4678855],"faces":{"south":{"uv":[10.0,0.0,10.75,1.0],"tintindex":0,"rotation":0,"texture":"#2"},"north":{"uv":[10.75,0.0,10.0,1.0],"tintindex":0,"rotation":0,"texture":"#2"}},"rotation":{"origin":[7.9487286,9.088642,2.8376684],"angle":22.5,"axis":"z"}},{"from":[6.3593197,13.733765,6.218873],"to":[9.538137,13.733765,8.602986],"faces":{"up":{"uv":[10.75,0.0,10.0,1.0],"tintindex":0,"rotation":90,"texture":"#2"},"down":{"uv":[10.0,0.0,10.75,1.0],"tintindex":0,"rotation":90,"texture":"#2"}},"rotation":{"origin":[7.9487286,9.088642,2.8376684],"angle":22.5,"axis":"x"}},{"from":[7.9487286,19.300163,7.312149],"to":[7.9487286,28.041912,16.848602],"faces":{"east":{"uv":[3.0,3.0,0.0,5.75],"tintindex":0,"rotation":0,"texture":"#2"},"west":{"uv":[0.0,3.0,3.0,5.75],"tintindex":0,"rotation":0,"texture":"#2"}}},{"from":[7.154024,-6.7856407,7.336586],"to":[8.743433,20.493053,8.925995],"faces":{"east":{"uv":[4.0,0.0,4.5,8.0],"tintindex":0,"rotation":0,"texture":"#2"},"south":{"uv":[4.75,0.0,5.25,8.0],"tintindex":0,"rotation":0,"texture":"#2"},"north":{"uv":[3.25,0.0,3.75,8.0],"tintindex":0,"rotation":0,"texture":"#2"},"west":{"uv":[5.5,0.0,6.0,8.0],"tintindex":0,"rotation":0,"texture":"#2"},"up":{"uv":[6.0,8.75,5.5,8.25],"tintindex":0,"rotation":0,"texture":"#2"},"down":{"uv":[7.0,9.25,6.5,9.75],"tintindex":0,"rotation":0,"texture":"#2"}}},{"from":[6.756672,24.501122,-0.5703678],"to":[9.140785,26.09053,1.8137455],"faces":{"east":{"uv":[11.5,1.75,12.25,2.25],"tintindex":0,"rotation":0,"texture":"#2"},"south":{"uv":[11.5,2.5,12.25,3.0],"tintindex":0,"rotation":0,"texture":"#2"},"north":{"uv":[11.5,1.0,12.25,1.5],"tintindex":0,"rotation":0,"texture":"#2"},"west":{"uv":[11.5,3.25,12.25,3.75],"tintindex":0,"rotation":0,"texture":"#2"},"up":{"uv":[10.5,11.5,9.75,10.75],"tintindex":0,"rotation":0,"texture":"#2"},"down":{"uv":[11.5,10.0,10.75,10.75],"tintindex":0,"rotation":0,"texture":"#2"}},"rotation":{"origin":[7.9487286,9.088642,2.8376684],"angle":45.0,"axis":"x"}},{"from":[6.3593197,22.921726,3.0165792],"to":[9.538137,26.100544,6.1953974],"faces":{"east":{"uv":[3.0,8.25,4.0,9.25],"tintindex":0,"rotation":0,"texture":"#2"},"south":{"uv":[8.25,4.0,9.25,5.0],"tintindex":0,"rotation":0,"texture":"#2"},"north":{"uv":[8.25,2.75,9.25,3.75],"tintindex":0,"rotation":0,"texture":"#2"},"west":{"uv":[4.25,8.25,5.25,9.25],"tintindex":0,"rotation":0,"texture":"#2"},"up":{"uv":[9.25,6.25,8.25,5.25],"tintindex":0,"rotation":0,"texture":"#2"},"down":{"uv":[9.75,6.5,8.75,7.5],"tintindex":0,"rotation":0,"texture":"#2"}},"rotation":{"origin":[7.9487286,9.088642,2.8376684],"angle":22.5,"axis":"x"}},{"from":[7.154024,20.448334,-0.02396679],"to":[8.743433,23.627151,7.9230785],"faces":{"east":{"uv":[0.0,6.0,2.5,7.0],"tintindex":0,"rotation":0,"texture":"#2"},"south":{"uv":[6.75,11.25,7.25,12.25],"tintindex":0,"rotation":0,"texture":"#2"},"north":{"uv":[6.0,11.25,6.5,12.25],"tintindex":0,"rotation":0,"texture":"#2"},"west":{"uv":[6.25,0.0,8.75,1.0],"tintindex":0,"rotation":0,"texture":"#2"},"up":{"uv":[7.75,9.75,7.25,7.25],"tintindex":0,"rotation":0,"texture":"#2"},"down":{"uv":[8.5,7.25,8.0,9.75],"tintindex":0,"rotation":0,"texture":"#2"}},"rotation":{"origin":[7.9487286,9.088642,2.8376684],"angle":-22.5,"axis":"x"}},{"from":[6.3593197,20.346558,3.255961],"to":[6.3593197,23.525375,5.6400747],"faces":{"east":{"uv":[10.75,0.0,10.0,1.0],"tintindex":0,"rotation":0,"texture":"#2"},"west":{"uv":[10.0,0.0,10.75,1.0],"tintindex":0,"rotation":0,"texture":"#2"}}},{"from":[6.756672,11.603584,9.399139],"to":[9.140785,14.782402,9.399139],"faces":{"south":{"uv":[10.75,0.0,10.0,1.0],"tintindex":0,"rotation":0,"texture":"#2"},"north":{"uv":[10.0,0.0,10.75,1.0],"tintindex":0,"rotation":0,"texture":"#2"}},"rotation":{"origin":[7.9487286,9.088642,2.8376684],"angle":-45.0,"axis":"x"}},{"from":[6.756672,-2.017414,6.939234],"to":[9.140785,-1.2227097,9.323347],"faces":{"east":{"uv":[12.5,10.5,11.75,10.75],"tintindex":0,"rotation":0,"texture":"#2"},"south":{"uv":[12.5,10.0,11.75,10.25],"tintindex":0,"rotation":0,"texture":"#2"},"north":{"uv":[12.5,11.0,11.75,11.25],"tintindex":0,"rotation":0,"texture":"#2"},"west":{"uv":[12.5,11.5,11.75,11.75],"tintindex":0,"rotation":0,"texture":"#2"},"up":{"uv":[4.0,11.75,4.75,11.0],"tintindex":0,"rotation":180,"texture":"#2"},"down":{"uv":[11.0,5.0,11.75,5.75],"tintindex":0,"rotation":180,"texture":"#2"}}},{"from":[7.9487286,15.713684,5.560208],"to":[7.9487286,18.892502,7.944321],"faces":{"east":{"uv":[10.75,0.0,10.0,1.0],"tintindex":0,"rotation":0,"texture":"#2"},"west":{"uv":[10.0,0.0,10.75,1.0],"tintindex":0,"rotation":0,"texture":"#2"}},"rotation":{"origin":[7.9487286,9.088642,2.8376684],"angle":-22.5,"axis":"x"}},{"from":[6.9087315,9.192966,7.1864753],"to":[6.9087315,12.371784,9.570589],"faces":{"east":{"uv":[10.75,0.0,10.0,1.0],"tintindex":0,"rotation":0,"texture":"#2"},"west":{"uv":[10.0,0.0,10.75,1.0],"tintindex":0,"rotation":0,"texture":"#2"}},"rotation":{"origin":[7.9487286,9.088642,2.8376684],"angle":-22.5,"axis":"x"}},{"from":[6.756672,-4.4015274,6.939234],"to":[9.140785,-3.606823,9.323347],"faces":{"east":{"uv":[12.5,11.0,11.75,11.25],"tintindex":0,"rotation":0,"texture":"#2"},"south":{"uv":[12.5,10.5,11.75,10.75],"tintindex":0,"rotation":0,"texture":"#2"},"north":{"uv":[12.5,11.5,11.75,11.75],"tintindex":0,"rotation":0,"texture":"#2"},"west":{"uv":[12.5,10.0,11.75,10.25],"tintindex":0,"rotation":0,"texture":"#2"},"up":{"uv":[4.0,11.75,4.75,11.0],"tintindex":0,"rotation":270,"texture":"#2"},"down":{"uv":[11.0,5.0,11.75,5.75],"tintindex":0,"rotation":90,"texture":"#2"}}},{"from":[7.9487286,-11.397606,0.5404458],"to":[7.9487286,-7.424082,2.924559],"faces":{"east":{"uv":[9.5,2.75,10.25,4.0],"tintindex":0,"rotation":0,"texture":"#2"},"west":{"uv":[3.0,9.5,3.75,10.75],"tintindex":0,"rotation":0,"texture":"#2"}},"rotation":{"origin":[7.9487286,9.088642,2.8376684],"angle":-22.5,"axis":"x"}},{"from":[6.756672,0.36669922,6.939234],"to":[9.140785,1.1614037,9.323347],"faces":{"east":{"uv":[12.5,10.0,11.75,10.25],"tintindex":0,"rotation":0,"texture":"#2"},"south":{"uv":[12.5,11.5,11.75,11.75],"tintindex":0,"rotation":0,"texture":"#2"},"north":{"uv":[12.5,10.5,11.75,10.75],"tintindex":0,"rotation":0,"texture":"#2"},"west":{"uv":[12.5,11.0,11.75,11.25],"tintindex":0,"rotation":0,"texture":"#2"},"up":{"uv":[4.0,11.75,4.75,11.0],"tintindex":0,"rotation":90,"texture":"#2"},"down":{"uv":[11.0,5.0,11.75,5.75],"tintindex":0,"rotation":270,"texture":"#2"}}},{"from":[6.756672,2.7508125,6.939234],"to":[9.140785,3.545517,9.323347],"faces":{"east":{"uv":[12.5,11.5,11.75,11.75],"tintindex":0,"rotation":0,"texture":"#2"},"south":{"uv":[12.5,11.0,11.75,11.25],"tintindex":0,"rotation":0,"texture":"#2"},"north":{"uv":[12.5,10.0,11.75,10.25],"tintindex":0,"rotation":0,"texture":"#2"},"west":{"uv":[12.5,10.5,11.75,10.75],"tintindex":0,"rotation":0,"texture":"#2"},"up":{"uv":[4.0,11.75,4.75,11.0],"tintindex":0,"rotation":0,"texture":"#2"},"down":{"uv":[11.0,5.0,11.75,5.75],"tintindex":0,"rotation":0,"texture":"#2"}}},{"from":[-0.14308739,20.618649,4.448018],"to":[2.241026,23.797466,4.448018],"faces":{"south":{"uv":[10.75,0.0,10.0,1.0],"tintindex":0,"rotation":0,"texture":"#2"},"north":{"uv":[10.0,0.0,10.75,1.0],"tintindex":0,"rotation":0,"texture":"#2"}},"rotation":{"origin":[7.9487286,9.088642,2.8376684],"angle":-22.5,"axis":"z"}},{"from":[6.3593197,13.050209,6.7003613],"to":[9.538137,15.434322,6.7003613],"faces":{"south":{"uv":[10.75,0.0,10.0,1.0],"tintindex":0,"rotation":90,"texture":"#2"},"north":{"uv":[10.0,0.0,10.75,1.0],"tintindex":0,"rotation":270,"texture":"#2"}}},{"from":[7.5513763,22.026165,-0.60012627],"to":[8.346081,23.615574,5.75751],"faces":{"east":{"uv":[8.25,1.25,10.25,1.75],"tintindex":0,"rotation":0,"texture":"#2"},"south":{"uv":[8.25,6.5,8.5,7.0],"tintindex":0,"rotation":0,"texture":"#2"},"north":{"uv":[2.75,6.0,3.0,6.5],"tintindex":0,"rotation":0,"texture":"#2"},"west":{"uv":[8.25,2.0,10.25,2.5],"tintindex":0,"rotation":0,"texture":"#2"},"up":{"uv":[7.75,13.25,7.5,11.25],"tintindex":0,"rotation":0,"texture":"#2"},"down":{"uv":[8.25,11.25,8.0,13.25],"tintindex":0,"rotation":0,"texture":"#2"}},"rotation":{"origin":[7.9487286,9.088642,2.8376684],"angle":-45.0,"axis":"x"}},{"from":[6.756672,16.519531,6.939234],"to":[9.140785,20.493053,9.323347],"faces":{"east":{"uv":[9.5,4.25,10.25,5.5],"tintindex":0,"rotation":0,"texture":"#2"},"south":{"uv":[9.75,7.75,10.5,9.0],"tintindex":0,"rotation":0,"texture":"#2"},"north":{"uv":[4.0,9.5,4.75,10.75],"tintindex":0,"rotation":0,"texture":"#2"},"west":{"uv":[9.75,9.25,10.5,10.5],"tintindex":0,"rotation":0,"texture":"#2"},"up":{"uv":[11.75,6.75,11.0,6.0],"tintindex":0,"rotation":0,"texture":"#2"},"down":{"uv":[11.5,11.0,10.75,11.75],"tintindex":0,"rotation":0,"texture":"#2"}}},{"from":[8.988728,9.192966,7.1864753],"to":[8.988728,12.371784,9.570589],"faces":{"east":{"uv":[10.75,0.0,10.0,1.0],"tintindex":0,"rotation":0,"texture":"#2"},"west":{"uv":[10.0,0.0,10.75,1.0],"tintindex":0,"rotation":0,"texture":"#2"}},"rotation":{"origin":[7.9487286,9.088642,2.8376684],"angle":-22.5,"axis":"x"}},{"from":[3.7635689,18.002316,4.4678855],"to":[6.147682,21.181133,4.4678855],"faces":{"south":{"uv":[10.0,0.0,10.75,1.0],"tintindex":0,"rotation":0,"texture":"#2"},"north":{"uv":[10.75,0.0,10.0,1.0],"tintindex":0,"rotation":0,"texture":"#2"}},"rotation":{"origin":[7.9487286,9.088642,2.8376684],"angle":-22.5,"axis":"z"}}],"display":{"gui":{"rotation":[30,225,0]}}}