{"textures":{"0":"modelengine:entity/hippogryph_fallen"},"elements":[{"from":[5.0,5.5,4.25],"to":[11.0,8.5,11.25],"faces":{"east":{"uv":[7.5,0.9375,7.9375,1.125],"tintindex":0,"rotation":0,"texture":"#0"},"south":{"uv":[7.6875,2.75,8.0625,2.9375],"tintindex":0,"rotation":0,"texture":"#0"},"north":{"uv":[7.6875,2.75,8.0625,2.9375],"tintindex":0,"rotation":0,"texture":"#0"},"west":{"uv":[7.5,0.9375,7.9375,1.125],"tintindex":0,"rotation":0,"texture":"#0"},"up":{"uv":[7.625,3.1875,7.25,2.75],"tintindex":0,"rotation":0,"texture":"#0"},"down":{"uv":[7.625,3.1875,7.25,2.75],"tintindex":0,"rotation":0,"texture":"#0"}}}],"display":{"gui":{"rotation":[30,225,0]}}}