{"textures":{"0":"modelengine:entity/hippogryph_fallen"},"elements":[{"from":[5.3015003,-1.0528793,6.3657055],"to":[11.3015,8.947121,12.3657055],"faces":{"east":{"uv":[3.1875,6.8125,3.5625,7.4375],"tintindex":0,"rotation":0,"texture":"#0"},"south":{"uv":[6.625,5.875,7.0,6.5],"tintindex":0,"rotation":0,"texture":"#0"},"north":{"uv":[6.625,5.875,7.0,6.5],"tintindex":0,"rotation":0,"texture":"#0"},"west":{"uv":[3.1875,6.8125,3.5625,7.4375],"tintindex":0,"rotation":0,"texture":"#0"},"up":{"uv":[5.625,7.6875,5.25,7.3125],"tintindex":0,"rotation":0,"texture":"#0"},"down":{"uv":[5.625,7.6875,5.25,7.3125],"tintindex":0,"rotation":0,"texture":"#0"}},"rotation":{"origin":[8.3015,3.9471207,9.3657055],"angle":-22.5,"axis":"x"}},{"from":[5.3265004,-3.1444416,6.7569833],"to":[5.3265004,11.855558,16.756983],"faces":{"east":{"uv":[5.1875,2.5,4.5625,3.4375],"tintindex":0,"rotation":0,"texture":"#0"},"west":{"uv":[4.5625,2.5,5.1875,3.4375],"tintindex":0,"rotation":0,"texture":"#0"}},"rotation":{"origin":[5.3265004,3.3055573,11.781983],"angle":-22.5,"axis":"x"}}],"display":{"gui":{"rotation":[30,225,0]}}}