{"textures":{"0":"modelengine:entity/hippogryph_fallen"},"elements":[{"from":[7.4559574,8.130357,6.671437],"to":[15.455957,8.130357,27.171436],"faces":{"up":{"uv":[0.0,5.5,1.0,2.9375],"tintindex":0,"rotation":0,"texture":"#0"},"down":{"uv":[0.0,2.9375,1.0,5.5],"tintindex":0,"rotation":0,"texture":"#0"}}},{"from":[7.309866,7.6428566,12.746662],"to":[15.809866,8.142857,14.246662],"faces":{"east":{"uv":[6.0,4.75,5.8125,4.8125],"tintindex":0,"rotation":0,"texture":"#0"},"south":{"uv":[8.75,7.0625,7.6875,7.125],"tintindex":0,"rotation":0,"texture":"#0"},"north":{"uv":[8.75,3.625,7.6875,3.6875],"tintindex":0,"rotation":0,"texture":"#0"},"west":{"uv":[5.75,4.75,5.5625,4.8125],"tintindex":0,"rotation":0,"texture":"#0"},"up":{"uv":[7.0625,4.9375,8.125,4.75],"tintindex":0,"rotation":0,"texture":"#0"},"down":{"uv":[7.0625,4.75,8.125,4.9375],"tintindex":0,"rotation":0,"texture":"#0"}},"rotation":{"origin":[21.876682,8.017857,11.826276],"angle":-22.5,"axis":"y"}}],"display":{"gui":{"rotation":[30,225,0]}}}