{"textures":{"0":"modelengine:entity/hippogryph_fallen"},"elements":[{"from":[4.425,-0.77800846,2.7316375],"to":[10.425,9.221991,10.731637],"faces":{"east":{"uv":[0.5,6.25,0.0,6.875],"tintindex":0,"rotation":0,"texture":"#0"},"south":{"uv":[4.0,6.875,3.625,7.5],"tintindex":0,"rotation":0,"texture":"#0"},"north":{"uv":[4.0,6.875,3.625,7.5],"tintindex":0,"rotation":0,"texture":"#0"},"west":{"uv":[0.5,6.25,0.0,6.875],"tintindex":0,"rotation":0,"texture":"#0"},"up":{"uv":[5.6875,7.5625,6.0625,7.0625],"tintindex":0,"rotation":0,"texture":"#0"},"down":{"uv":[5.6875,7.5625,6.0625,7.0625],"tintindex":0,"rotation":0,"texture":"#0"}},"rotation":{"origin":[7.425,4.2219915,6.731637],"angle":22.5,"axis":"x"}}],"display":{"gui":{"rotation":[30,225,0]}}}