{"textures":{"0":"modelengine:entity/hippogryph_fallen"},"elements":[{"from":[5.962055,-1.0825129,4.289514],"to":[9.962055,8.917487,8.289514],"faces":{"east":{"uv":[2.1875,7.3125,1.9375,7.9375],"tintindex":0,"rotation":0,"texture":"#0"},"south":{"uv":[1.25,7.3125,1.0,7.9375],"tintindex":0,"rotation":0,"texture":"#0"},"north":{"uv":[1.25,7.3125,1.0,7.9375],"tintindex":0,"rotation":0,"texture":"#0"},"west":{"uv":[2.1875,7.3125,1.9375,7.9375],"tintindex":0,"rotation":0,"texture":"#0"},"up":{"uv":[5.25,7.75,5.5,8.0],"tintindex":0,"rotation":0,"texture":"#0"},"down":{"uv":[5.25,7.75,5.5,8.0],"tintindex":0,"rotation":0,"texture":"#0"}},"rotation":{"origin":[7.962055,3.9174867,6.289514],"angle":22.5,"axis":"x"}}],"display":{"gui":{"rotation":[30,225,0]}}}