{"textures":{"0":"modelengine:entity/hippogryph_fallen"},"elements":[{"from":[10.623644,6.125,-3.9896946],"to":[10.623644,9.125,1.0103049],"faces":{"east":{"uv":[8.125,4.0,7.8125,4.1875],"tintindex":0,"rotation":0,"texture":"#0"},"west":{"uv":[7.8125,4.0,8.125,4.1875],"tintindex":0,"rotation":0,"texture":"#0"}},"rotation":{"origin":[4.8736444,7.625,3.510305],"angle":-22.5,"axis":"y"}},{"from":[4.7969894,6.125,-2.8679943],"to":[4.7969894,9.125,2.1320062],"faces":{"east":{"uv":[8.125,4.0,7.8125,4.1875],"tintindex":0,"rotation":0,"texture":"#0"},"west":{"uv":[7.8125,4.0,8.125,4.1875],"tintindex":0,"rotation":0,"texture":"#0"}},"rotation":{"origin":[8.046989,7.625,2.6320062],"angle":22.5,"axis":"y"}},{"from":[9.623644,6.125,1.0103049],"to":[11.623644,9.125,7.010305],"faces":{"east":{"uv":[8.0,6.375,7.625,6.5625],"tintindex":0,"rotation":0,"texture":"#0"},"south":{"uv":[1.5,8.0,1.375,8.1875],"tintindex":0,"rotation":0,"texture":"#0"},"north":{"uv":[1.3125,8.0,1.1875,8.1875],"tintindex":0,"rotation":0,"texture":"#0"},"west":{"uv":[8.0,6.125,7.625,6.3125],"tintindex":0,"rotation":0,"texture":"#0"},"up":{"uv":[4.75,8.25,4.875,7.875],"tintindex":0,"rotation":0,"texture":"#0"},"down":{"uv":[4.9375,7.875,5.0625,8.25],"tintindex":0,"rotation":0,"texture":"#0"}},"rotation":{"origin":[4.8736444,7.625,3.510305],"angle":-22.5,"axis":"y"}},{"from":[7.957312,6.125,13.341232],"to":[7.957312,8.125,17.341232],"faces":{"east":{"uv":[1.125,8.0,0.875,8.125],"tintindex":0,"rotation":0,"texture":"#0"},"west":{"uv":[0.875,8.0,1.125,8.125],"tintindex":0,"rotation":0,"texture":"#0"}}},{"from":[3.7969894,6.125,2.1320062],"to":[5.7969894,9.125,8.132006],"faces":{"east":{"uv":[8.0,6.375,7.625,6.5625],"tintindex":0,"rotation":0,"texture":"#0"},"south":{"uv":[1.5,8.0,1.375,8.1875],"tintindex":0,"rotation":0,"texture":"#0"},"north":{"uv":[1.3125,8.0,1.1875,8.1875],"tintindex":0,"rotation":0,"texture":"#0"},"west":{"uv":[8.0,6.125,7.625,6.3125],"tintindex":0,"rotation":0,"texture":"#0"},"up":{"uv":[4.75,8.25,4.875,7.875],"tintindex":0,"rotation":0,"texture":"#0"},"down":{"uv":[4.9375,7.875,5.0625,8.25],"tintindex":0,"rotation":0,"texture":"#0"}},"rotation":{"origin":[8.046989,7.625,2.6320062],"angle":22.5,"axis":"y"}},{"from":[6.957312,6.125,8.341232],"to":[8.957312,8.125,13.341232],"faces":{"east":{"uv":[6.5625,7.9375,6.25,8.0625],"tintindex":0,"rotation":0,"texture":"#0"},"south":{"uv":[7.0,5.6875,6.875,5.8125],"tintindex":0,"rotation":0,"texture":"#0"},"north":{"uv":[4.4375,5.4375,4.3125,5.5625],"tintindex":0,"rotation":0,"texture":"#0"},"west":{"uv":[6.1875,7.9375,5.875,8.0625],"tintindex":0,"rotation":0,"texture":"#0"},"up":{"uv":[0.0,8.3125,0.125,8.0],"tintindex":0,"rotation":0,"texture":"#0"},"down":{"uv":[0.1875,8.0,0.3125,8.3125],"tintindex":0,"rotation":0,"texture":"#0"}}},{"from":[8.046989,6.125,-2.6179943],"to":[8.046989,9.125,2.3820062],"faces":{"east":{"uv":[8.125,4.0,7.8125,4.1875],"tintindex":0,"rotation":0,"texture":"#0"},"west":{"uv":[7.8125,4.0,8.125,4.1875],"tintindex":0,"rotation":0,"texture":"#0"}}},{"from":[7.0469894,6.125,2.3820062],"to":[9.046989,9.125,8.382006],"faces":{"east":{"uv":[8.0,6.375,7.625,6.5625],"tintindex":0,"rotation":0,"texture":"#0"},"south":{"uv":[1.5,8.0,1.375,8.1875],"tintindex":0,"rotation":0,"texture":"#0"},"north":{"uv":[1.3125,8.0,1.1875,8.1875],"tintindex":0,"rotation":0,"texture":"#0"},"west":{"uv":[8.0,6.125,7.625,6.3125],"tintindex":0,"rotation":0,"texture":"#0"},"up":{"uv":[4.75,8.25,4.875,7.875],"tintindex":0,"rotation":0,"texture":"#0"},"down":{"uv":[4.9375,7.875,5.0625,8.25],"tintindex":0,"rotation":0,"texture":"#0"}}}],"display":{"gui":{"rotation":[30,225,0]}}}